Column1,Column2,Column3,Column4
0.6271001383157888,-2.0425340583732767,1.995640442714572,2.094607618395987
0.5280188118800138,-2.2475552672362773,2.02109127068245,1.6758904479422347
0.6756599422739895,-2.448510368424604,1.6962086763853987,1.5987395087884895
0.7340408806097736,-2.4720305003110403,2.144865750330932,1.2094501245714178
0.559809301889636,-2.3811900041312746,2.102637621159532,1.3750126162636584
0.7254367782465179,-2.491824098141445,1.9148270403134078,1.3264373667469673
0.7161651372449183,-2.579223441214323,1.6827463359445347,0.7794038419302782
0.482542346447779,-2.3458313521880405,1.7451627321658354,1.5819667755913867
0.4617272859765635,-2.216546918718961,1.8422030974634225,1.7334265965456659
0.48765666591192003,-2.324388048732224,1.8582786693375093,1.5691407058504316
0.5194621138077463,-2.304020839904597,1.9863306235720883,1.568673232217485
0.560831407266282,-2.298344541555327,2.0457250433039462,1.4654694304127465
0.6915503532561644,-2.4578670706646233,2.0060156600744468,1.5307731725868003
0.4809433918921283,-2.4707015946784394,1.8097338248523727,1.2334105826661212
0.5519652850060711,-2.3286964880737884,1.9677317056753296,1.531621163179611
0.5383295244990708,-2.411132024225658,1.9455011473208679,1.4101560853873667
0.750112243522873,-2.4177339701206457,2.1980902834404747,1.5494121648423178
0.5694662019966017,-2.333108010448773,1.9019132216939179,1.5472014358062403
0.5558551464282648,-2.5145520277977793,1.7193441473896776,1.2797914700368052
0.6957679459376683,-2.431076374925604,1.6900386988377254,1.4873291356276954
0.5878615276943981,-2.370949739401725,2.0766765830820737,1.6529479694692166
0.5612237926603325,-2.2187625061471397,2.097276927759464,1.7279325568139112
0.5804474576524399,-2.3299126623121666,1.926525179556818,1.6352404362294088
0.539362667642972,-2.4438865111745742,1.7089301002769934,1.5413101644243976
0.7470458261338431,-2.3812060408634665,1.826110242760031,1.4923954083241076
0.603065805750837,-2.3557657651522983,1.9035788914656717,1.437160820338872
0.8187155445100692,-2.542536212998868,1.6216041915654569,1.494597336100254
0.6447573617386181,-2.6266085637184697,1.2214758751897827,1.1064544297090295
0.771064448672793,-2.5967081789568067,1.3350478156575516,0.8691854017279734
0.5776292626839676,-2.2708547875181986,2.064474214550043,1.5322438397552123
0.5066945363927544,-2.1077395012568356,1.9384419175958703,1.8246981514335325
0.3651072838870872,-2.0344251419641197,1.8505158309157057,1.6639482427247934
0.43121434233901346,-2.170081232212405,1.8527067076574653,1.6460346274316668
0.37144500091962157,-2.1200034850365794,1.788883818481595,1.611869529827861
0.8378664690266064,-2.590791569857668,1.8874745167223466,1.5802320426755023
0.5799500345733521,-2.364065579110319,1.9176972515541584,1.662199163901613
0.5647521487304012,-2.3081740077900923,1.861305612975535,1.6666977867040587
0.4215212008996071,-2.1064853492908564,1.958460021470955,1.6477327068666783
0.6872630495782147,-2.4231415418811726,2.064703632356384,1.4652370257243035
0.540351814359802,-2.2585805418999265,1.970167013966357,1.5662607541498605
0.6457863755203536,-2.4861400778393152,1.9356317391404159,1.3040067395617296
0.648184957820097,-2.548780122752954,1.5286003003931596,1.3670245398869232
0.6733119074143225,-2.6254645685724007,1.0376814727924146,1.3794191036928023
0.671077183145871,-2.5327649276522046,1.8250984040638183,1.4832603041053758
0.3448824772471024,-2.088557698900983,1.8025886293505726,1.6682721574771815
0.4657544705779144,-2.1077356356943993,1.7695789876583568,1.8784890933844516
0.5967278485506278,-2.4544372794881153,1.7795297136380748,1.6296941754927914
0.486579528690507,-2.1461296600262347,1.9326057528812584,1.634914973333856
0.48325091408850634,-2.336690484328682,1.7794989365926763,1.4111791237312237
0.47211978968598184,-2.191290979812888,1.9559622645031913,1.689562444833634
0.6941518903352726,-2.4939566033463425,1.72158389461053,1.4578135797347676
0.5749269525068426,-2.405375491211368,1.8868989491444983,1.6100201328827686
0.7777078507690729,-2.4944301581897874,1.786005091085772,1.5038834261740555
0.7461687553750173,-2.5877948635921237,0.8885840389711757,2.2370487321873322
0.6224175333681232,-2.5550686824294195,0.7477072234679994,2.790626133618625
0.8347515741172871,-2.7102838933501237,0.33465700389285447,2.695956372314533
0.8650437500903463,-2.6907687350293252,0.10572122263173933,1.5014019132771486
0.6158721351811233,-2.7320887481556295,-0.02584847259080361,0.8808161611352452
0.8497628587685641,-2.6205029965620206,0.804084846212239,1.1096096568080662
0.8224883500220305,-2.633729936984342,0.9165180100457353,0.9294599789801196
0.793512258036417,-2.56245169705763,1.3516627361865927,0.8299937552582308
0.749950929167313,-2.5417923662412116,1.45779931872857,1.5427672699253927
0.5439290852462404,-2.316880731725547,1.8618735471611225,1.5474809352880499
0.6668242699406653,-2.4982123898716297,1.6128621661476223,1.471120859009658
0.6559610621886314,-2.3635240159653716,1.9725434381616247,1.582882870479347
0.6084601341869013,-2.4678983457092003,1.6106496957362268,1.4068643761222552
0.6717546279359479,-2.493764637258049,1.650394747496191,1.3441031999626054
0.40315020941916424,-2.182527561772282,1.7723850004116954,1.6622886454098726
0.6395935515349112,-2.376083352545899,1.9523373234924526,1.6317464733724973
0.6846427491521855,-2.6235227761763187,1.3522780467314854,1.1297905370653578
0.46213229678994466,-2.177148530492375,1.9593097702092055,1.6546360030069662
0.6543893539378319,-2.3239413249580707,1.983775720248688,1.6731719603123425
0.6494863316111507,-2.285100332601301,1.953919156692821,1.8205534519988575
0.804333563970531,-2.508136720056441,1.9620188063489044,1.4552327547608475
0.5787350729927163,-2.382045449468986,1.9683470663995697,1.4600666691266921
0.6385867892223841,-2.491819031857014,1.829406983307837,1.2840081461293522
0.6232803669155988,-2.374328783031904,1.9227376015670665,1.6141278265682504
0.814776670572133,-2.5241493873335576,1.7182202366734611,1.4641239848313712
0.6064712287964755,-2.4310191712113016,1.7942426009318706,1.522360471746842
0.6031673675131461,-2.3532255771388546,1.9198185126112712,1.6020719304882445
0.7550736839097745,-2.5226371347380967,1.8394686072569721,1.3574941206788205
0.6212868657428546,-2.426009483433244,1.833062372033619,1.4421024335184756
0.7369559280612483,-2.6341300541044887,1.347629603766496,0.8841015100925629
0.6792199788435946,-2.593812894958075,1.314568271006924,1.0514621570376936
0.7895165040212059,-2.5644159231699777,1.1681176223397234,1.468482520696635
0.6033132555674798,-2.3328217646334695,1.9338495566110196,1.5850723249327663
0.5221876896472549,-2.3542108451019628,1.5193965871780366,1.5477166114158272
0.7692437682185751,-2.5483473386430817,1.752480369851991,1.4857573958700423
0.8148127496365973,-2.4885649708505335,1.693796265804775,1.6091116089954929
0.7142018697436354,-2.5997518466156295,1.8293633778184897,0.7751224901684599
0.6183603532663443,-2.454624889458646,1.8622858826376585,1.5885895264231886
0.5278162411420806,-2.228472519042501,1.9492200243263136,1.7816812130718198
0.5323960772224202,-2.393019813614268,1.9031210896541184,1.5443307187875013
0.4509184836477849,-2.1281966828862138,1.998499262042365,1.6313715089202003
0.5233905785935848,-2.339133513160466,1.883262023337504,1.5563612854170197
0.39961171395930595,-2.0418772575366195,1.9203202707603084,1.7227118555584382
0.6134066506350733,-2.4301650565350137,1.6244891464891105,1.5323652881062677
0.5539728027166696,-2.499569648274048,1.7496646049017264,1.2336472508556413
0.6126084375954414,-2.3870021018260226,1.9938346424665994,1.5372605739533194
0.6552417085578759,-2.5236979318694894,1.5238378206773462,1.3288872157299396
0.46950431913748436,-2.238554204822815,2.0357817865142342,1.5930322725960793
0.5600552962810054,-2.304586924676668,1.9492979459074362,1.6988138802582653
0.5757820960989743,-2.3685446285293503,1.910425459246245,1.507583419611526
0.4803491465254143,-2.182728751060208,2.0112534052757147,1.682686553830053
0.4653436790301088,-2.2027635780173047,1.8972823306301692,1.6226302420975907
0.38974893920762727,-2.140379159837824,1.8631466185059369,1.7251257815957486
0.6419546172202046,-2.4102777062591456,2.036964576671526,1.5062077779695016
0.589105393848657,-2.383517582024573,1.903578040816659,1.3924317135631907
0.7095064067484637,-2.4778774241235704,1.7565529446671246,1.4475816318850514
0.9336053957314125,-2.677729146311755,1.529122433288116,1.28829913173361
0.7412684642779895,-2.4535285455128264,1.9492643730726484,1.471608136129538
0.5542025086828459,-2.4163620529562224,1.8477175974158773,1.5321668073651602
0.4936589325454755,-2.2388133830622636,1.979758837640643,1.6581242467839927
0.739289989230999,-2.543361336264751,1.8239670568595234,1.6530682362222273
0.7154887512741333,-2.5259571184831437,1.8617191835899227,1.32938926413917
0.5769349633821775,-2.4013474286199012,1.7768440844034101,1.561008754034367
0.595892217850954,-2.2452603568551637,2.1384543921280317,1.533866527020437
0.5929335859532499,-2.32577140821867,1.9086658050512422,1.6790150631918865
0.5868683318249505,-2.1662177598486183,2.034148184765487,1.7452201971391947
0.5343687489352025,-2.052668015301645,2.0407603103290475,1.7954260283026973
0.7620276955702986,-2.572513709765827,1.737286076580529,1.2515817128553972
0.7870371394100872,-2.574200969386645,1.853258762723378,1.5477141824685603
0.7154101315602674,-2.630233807550358,1.144677556055165,1.4469322904463462
0.7507020462570901,-2.533140996076984,1.634228005914032,1.2764750006956902
0.7185347426568648,-2.587496414974454,1.4707213173018567,1.5024441157722068
0.6152601092739309,-2.5060925392729145,1.6615237937610539,1.3581209923357207
0.7452614085497455,-2.5842883233041296,1.1330661465460954,1.4573347793974478
0.6967069944660162,-2.7192464717704445,1.187454733463251,0.9639498795793489
0.6827272571923672,-2.536544691364746,1.6700152486447881,1.4022971979401155
0.6300137065155106,-2.5297170527149917,1.5749110341917487,1.3765741895755284
0.8236480395684669,-2.537552266460974,1.9646749318221746,1.2991704557682127
0.6452485823820492,-2.5195326678467156,1.5925474142757492,1.314155081446049
0.43559948438264484,-2.3067076496897334,1.873471821193198,1.5799033134975717
0.689921272918089,-2.5033534701228572,1.7415003401360032,1.4873861694798145
0.5094330350361387,-2.3154720480187345,1.9770488239881452,1.415122218341317
0.6099437672579614,-2.4828585608181863,1.7168660317202642,1.5953645788388937
0.6731665000653656,-2.487998338178359,1.7712530191828282,1.481315817942897
0.3424430649174275,-2.023732071993076,1.900076678416722,1.6441233637885844
0.683377498350179,-2.373298086136203,1.8538739188583613,1.699491695480401
0.5948615404074449,-2.2901876170406856,1.969479061821918,1.7341490731048386
0.5310034617740266,-2.1918371796980596,1.974844668854046,1.6423978926352554
0.4934862630438561,-2.196058445803478,1.880821275230526,1.6271051734599997
0.5186365106872336,-2.140667283715726,1.982224454163016,1.7760087605517083
0.42258929942967816,-2.0783040974165963,1.9386225233327312,1.7036277327175708
0.5040441879358109,-2.034620709971919,1.9099818495366054,1.7691342077837229
0.5520074822312544,-2.376229286901462,1.816647814403849,1.703903586413893
0.5230749197079547,-2.2261154286554095,1.9568909284022757,1.7076312140425571
0.49317506052082205,-2.1704294343421124,1.8744141727001928,1.5938659221704676
0.44351724795086794,-2.236745255951922,1.951558468671805,1.6088908836835327
0.7498147630004883,-2.5128954584963523,1.703060232296456,1.241179017207262
0.6424903198375804,-2.484463312501947,1.5931700876484918,1.4573203941607022
0.4317335306632828,-2.29699623457337,1.7825268411857367,1.5705985861663816
0.5869081560742023,-2.3313437858537656,1.9841130840194485,1.5206716923582033
0.588640437763196,-2.4504490592469885,1.7985991992323864,1.5285749318257396
0.8331001408486435,-2.5765049746282775,1.4451330557954813,1.6780655321604279
0.7475546831885478,-2.582897074804537,1.2829694344645337,1.3102784510833911
0.6679407636261989,-2.574330049708397,1.8085438140230954,1.02909885321785
0.7504932030310102,-2.571222573669083,1.7618601160598906,1.4609266157285064
0.5533684828389142,-2.4944439834647034,1.614554831243095,1.251812546867725
0.5941837337105639,-2.4362893192245227,1.8831831592936912,1.3065069540076093
0.8511282264887858,-2.5385598897643744,1.9891848618947021,1.3815916680926872
0.41169152194973424,-2.261705402549822,1.7622640686140933,1.6368557939267019
0.5245679774215173,-2.407630132442397,1.7119449987382696,1.4277769564122804
0.5137149356668582,-2.2554588501064887,1.896436869053478,1.8061680830240088
0.6313120155767564,-2.524865740567979,1.7695538591130922,1.432961076641336
0.5600220704597824,-2.3616940791809475,1.8417168280748637,1.6621446374520719
0.6787698355786612,-2.391260387564728,1.912913466322915,1.3637001871348344
0.6246537382743871,-2.563382188290171,1.436999985722135,1.6086853411258824
0.5240652108198295,-2.2609495664361168,2.0574884456372713,1.6324397802502153
0.8635006347224226,-2.6086966533122813,1.1749058389738227,1.0258699592623026
0.8518713437628167,-2.656311559732321,0.565339929020786,1.5236642578815147
0.6748016744529783,-2.5927717572998596,1.102064528040069,1.3523939665801024
0.5319649903563907,-2.3806265774436017,1.7605064030185744,1.6014918126778832
0.5809462288670134,-2.3555154240997926,1.7810713620122733,1.7725390800650656
0.4816981905217191,-2.244222692079656,1.8581221981685063,1.6797613135833787
0.4934337528769063,-2.3568597735757124,1.8497404502217947,1.561584192875118
0.4934337528769063,-2.3568597735757124,1.8497404502217947,1.561584192875118
0.5420464858316827,-2.172511147299101,2.0108648012293213,1.5781369060479882
0.7624742540778353,-2.4756593790228503,2.114189144716061,1.5180690825774747
0.7627917602479031,-2.5246060293654002,1.9191135540762152,1.523330435624695
0.6198182881111115,-2.3376547770986975,1.9862387395578758,1.6412039132545748
0.7726950681089404,-2.556040593587015,1.7571624365411245,1.2509671928403243
0.6637416558768999,-2.411349770972107,2.0080701919668074,1.378444321352091
0.7554706701450383,-2.5121239016439025,1.7036017154214034,1.4041255585278376
0.30246862667078506,-2.104795401958198,1.8505213534013212,1.5529982013841337
0.6320899265374882,-2.394575771956386,2.059396071921855,1.5171638575700408
0.8735288256704858,-2.602854662120584,1.6429043415577336,1.1825274700427175
0.6878354379996693,-2.5462351737184314,1.547689209196549,1.1540803888131101
0.5132042078543851,-2.252766243455341,1.9696446519219166,1.5800540874111881
0.6810960351205602,-2.4969395714738,1.7335448975429506,1.4756062792056233
0.815938357352511,-2.5411005396875703,1.8222235624154592,1.2189536146636768
0.4354477426092264,-2.2848305196215546,1.8422458670515842,1.477989129166963
0.7823266994868489,-2.531172104168917,1.787916739190491,1.3032438638606363
0.5643820526564216,-2.292248789232161,1.9491935020894056,1.6294644909117246
0.6711091649766068,-2.307587398763824,1.966608669145738,1.739562424322762
0.9871265504816304,-2.5626654628385634,1.6523687760154817,1.5909588013623186
0.8140075210537528,-2.5184825552833954,1.9686187365909227,1.5084526831340095
0.5688822152683511,-2.5272371161417593,1.6172697742902613,1.3372783983675824
0.5953917525373723,-2.39615967611103,1.9617606213959253,1.5517529414597973
0.48504402664583696,-2.294593574337269,1.7753764914895789,1.6698275602679302
0.6922337176961827,-2.4011812316456744,1.9586829779526111,1.7785115128377202
0.7954054122831973,-2.6323272217514075,0.8416303197532543,1.3485744491229172
0.6585058516010375,-2.5808212127166987,1.2193688830855778,1.3162232040960782
0.6495186119472841,-2.503331517093725,2.130648089145952,1.205999602564049
0.6787095325029541,-2.506117345035359,1.7342604202503435,1.4486094801510645
0.5873374301635982,-2.4799031051937552,1.7259537837898247,1.563556848999406
0.40809403643997466,-2.184591498381747,1.9111960701617028,1.6534662856219036
0.47215166927346863,-2.1138129061000424,1.8379152632472373,1.6459625977475836
0.8613308510125356,-2.6240206007292395,1.469302152194072,1.70254942674218
0.7316710078723195,-2.625628186391651,1.3797861448752404,1.1384408449306946
0.6234453560639067,-2.4206568928292076,2.0596837038963907,1.3522626594013056
0.8089241770330011,-2.647094018789524,1.29352776558151,0.8933340795897313
0.6876068237878867,-2.6105106508454563,1.4623779550095353,1.2104692466876723
0.690302214080895,-2.5124246412934546,1.4960086574964866,1.3587541668015934
0.7777684499579646,-2.5988444928653998,1.1588525339031783,1.4394083802711488
0.6053791141010137,-2.3791520741393892,1.922975867501455,1.640687700378404
0.4749713097459645,-2.2685018888043347,1.9137789491223647,1.5074479633522002
0.5810651174970752,-2.378931772015689,1.9295180400735403,1.4854762198052114
0.7257427207316829,-2.5931743416982425,0.9824122673652574,1.6915161380570736
0.797837649430605,-2.6156991221204557,1.0634703416342122,1.2152491409249895
0.5475750952158946,-2.4199422301078264,1.9204065922134796,1.4927147054564749
0.6277230515820795,-2.426805355168509,1.787061624343297,1.509667610712606
0.609331028803721,-2.513023257725728,1.7490852127382264,1.1707558873848027
0.7853675128323913,-2.474885680922502,1.92739047047163,1.4741458428352863
0.7075352644741649,-2.53738143543359,1.6084305424111662,1.5295573236923716
0.5730700734350773,-2.5086411067128926,1.5295295690406217,1.4388280777595504
0.4789299994839093,-2.2406423177445234,1.8003577653615137,1.6268083113674023
0.6662039064185435,-2.475020984583261,1.799743844017556,1.5177366964042067
0.7133678587529343,-2.5613356549452693,1.3653435318746638,1.3589754594643013
0.4832559430619299,-2.3158662234183494,1.950427707956118,1.4836011038925332
0.5357082606504363,-2.3519445481054424,1.9051600201737229,1.5198107205098663
0.7494217938554095,-2.555805378464091,1.196221054218968,0.9575604682243514
0.7718226834579345,-2.562499107541957,1.632357978698292,1.3963154578704369
0.5006219430446458,-2.268786120113449,1.839716775684018,1.5427855965072956
0.6644254700759588,-2.414208076253472,1.9509708019690055,1.5740624084208668
0.5767188772616563,-2.400362856397648,1.851464172897961,1.5315023763385691
0.6545049651055076,-2.4882653427679573,1.6816820196372584,1.2085398028123029
0.5346835399703318,-2.3571887004305676,1.930683904995231,1.4219041601107671
0.7195854641082166,-2.5072560966286517,1.8498470826558961,1.3221710960653121
0.5182033285696305,-2.262668526929943,1.9909791186474923,1.6119897877901863
0.6177054738828235,-2.3196228814334714,2.1239649213776204,1.5914815550444485
0.7231952860288748,-2.5484968744369243,1.7259542048333059,1.3297755043229171
0.5348000986364376,-2.390345868954509,1.8110540868286447,1.5160054470052096
0.7185279434492026,-2.506292960181304,1.578478841952701,1.6253445406791764
0.5225754295258792,-2.40301838151519,1.8539230181288096,1.5271069037460852
0.8118799778361213,-2.5323779098387615,1.997828916265701,1.355352058590294
0.5922207157221369,-2.3739502256104834,2.0382812636001177,1.6117420193183305
0.8569467588816411,-2.6266147661117976,1.971916097331706,1.1327737292443527
0.6736349739063069,-2.5010956808995286,1.6687400037576243,1.387684368742311
0.7966914979221139,-2.423392300718556,1.9372024625058053,1.6878019727064686
0.5774386122934584,-2.492481627063632,1.762628572742306,1.3994933686337327
0.7099668323872276,-2.6210533410754286,1.1704545524771643,1.3529081539716643
0.6999450151748419,-2.5642204806402544,1.604217239261084,1.3744305205723177
0.757489943018607,-2.5157191760435422,2.0155363177495205,1.004181078935897
0.7406052501220156,-2.4368636843130442,1.8733139771772636,1.7184155137864663
0.7939713816830688,-2.5505485282434357,1.7122527742751297,1.4359046371453343
0.39031623396827847,-2.210438634552997,1.8873165715879023,1.6042703872815938
0.4097118673320544,-2.1157839326748475,1.8691579787555814,1.7311098344573483
0.5908972537640818,-2.407595421225167,1.7982970969036491,1.5603666604790782
0.4788902667543134,-2.251304705381397,1.939649429032009,1.6148138413904782
0.49099322888187186,-2.2622033494869176,2.078025547317059,1.5206722245054014
0.7802137831576976,-2.589059192213676,1.5463456272128693,1.460665467378521
0.43693882461566724,-2.2986260394497013,1.7873842854643098,1.6944497455040581
0.74930952083824,-2.4825467629957565,1.9879020498969573,1.5108631800366805
0.4633266669860848,-2.342513526286377,1.6488091630497248,1.52572491069216
0.7885125420931136,-2.5964446931327205,0.894601002854117,1.467421508660205
0.7185035778804872,-2.523503456936723,1.7857951224151627,1.3224783057347655
0.6245758429876176,-2.450194647018313,1.8522806221520869,1.2508955374419994
0.6718199551107625,-2.6431437048912114,1.1211688247164262,1.9155553804677796
0.5568597302496244,-2.4924101875782125,1.4462828035105264,1.527933671281266
0.5504116175362086,-2.3769451836160123,1.8092366771413426,1.5891889118833116
0.48654745833990304,-2.3792995825887684,1.913902236580611,1.5696251200530125
0.7165913584763964,-2.441405068254835,1.9357276408252193,1.6865838815562195
0.5596914467927369,-2.2808031813063883,2.039933639824819,1.6391036077646695
0.5678428307350062,-2.2010074371457007,2.1420067237120732,1.5563829966479106
0.5045098437842738,-2.2172460077971876,1.983255521885121,1.6937756951152005
0.6608646671921816,-2.5541657037694088,1.19896663913743,1.459639743865406
0.5384896072270582,-2.4336933100661877,1.7477008145772768,1.4062834050373731
0.5995045396074213,-2.384207595584016,1.6394870983792584,1.6057366081804199
0.5218816434634326,-2.386179386980676,1.8075015634364195,1.5271172337015098
0.6111796496546633,-2.3997557612375315,1.9832674044278378,1.615198497198087
0.6460306393069841,-2.620561606145641,1.4157660020707312,1.3384940072764284
0.5398729487105225,-2.2549142528512616,1.9094660203459117,1.5869217184305164
0.4986639711257762,-2.0474106744283778,1.9379453670395699,1.7884065145053851
0.4563597457459465,-2.2302744201613995,1.8919976303874475,1.5898051405016205
0.5123332922130512,-2.1573321699419687,1.9442292756384583,1.764705721017921
0.4759227239468031,-2.2166287843564407,1.9193050677116832,1.6584813184696858
0.40404290030832624,-2.1939403146005576,1.852584987712504,1.718494286956264
0.4390646306375629,-2.1458319360262306,1.9228542071666,1.6243501161756109
0.46762003929109885,-2.3994801038824263,1.6758927459106174,1.3740044415871377
0.5936635766692028,-2.4550917801191936,1.6135734187025346,1.5959105522278443
0.43938288831284805,-2.1274602943210517,1.9230708111625363,1.6653928937082778
0.4327443106288118,-2.0317911331021854,1.8909260189611485,1.7749646810336912
0.44541280337377714,-1.770663832029236,1.8283791559382996,1.9161361566885307
0.44541280337377714,-1.770663832029236,1.8283791559382996,1.9161361566885307
0.35214223445370374,-1.764739230507182,1.8084087451080708,1.7936985396186425
0.43889816973180806,-1.8944403139748518,1.8448987618448571,1.842260094200782
0.48478548280881684,-1.9055953892025386,1.809903249988882,2.0107307566267143
0.48410938683765325,-2.0599342613274936,1.9084366696092638,1.7948144607898446
0.64895142703443,-2.523856131625172,1.604126024826642,1.4155854680746616
0.4616002894116994,-2.326588938739971,1.9616780008144785,1.5886200334380887
0.6828926490858966,-2.5830803277785446,1.5800468698120276,0.8958247410024185
0.44393992154215656,-2.2180215861845998,1.8780771516746795,1.6571929685642075
0.6292824791675364,-2.3803928696575274,1.9428972995879172,1.5485997160708966
0.6601241295616928,-2.595109587346876,1.3107445300046798,1.5925907845092837
0.5495802803615535,-2.2919725151177914,1.979836771576069,1.542286452859723
0.5560864176792802,-2.416778278325674,1.8263858442703327,1.5292913551663734
0.5503788604326193,-2.3117805526761024,1.9315405497994966,1.658433010344349
0.6591497421192221,-2.515513959207355,1.8000762158464447,1.119714156056504
0.6434302910534159,-2.5177673397301716,2.14721606567083,0.9146123205955159
0.6585962367473917,-2.068274569247802,2.0764428592150654,2.200662839200848
0.5006623247039914,-2.231052608419248,1.9904889038372229,1.7440225385209607
0.7175216632481992,-2.485883616711924,1.8643401865482274,1.2785944058519376
0.7515818621806141,-2.509022697538341,1.9475874730696763,1.5225984564165722
0.6460567525273124,-2.3912150069459526,2.1082659607428664,1.4299003989540666
0.5861486118706217,-2.2406781491002574,2.080712305746655,1.6377980037432727
0.6818049234360393,-2.4847519118092096,1.5814778874242457,1.5747113174871439
0.7016698739362927,-2.492655646881131,2.0383653937178905,1.3085415367935287
0.4941468642938141,-2.241801945447349,2.0564577188669078,1.6203847640733393
0.593023300376802,-2.259297660462916,2.058318250837467,1.8219147766189296
0.8304915498505672,-2.523001212004095,1.6502516039286872,1.3875262753973
0.8450245353166044,-2.5794554390515514,1.7461535823377399,1.27431971527023
0.8707701813732354,-2.566213604280678,1.2534367099248065,1.91819672797526
0.5855603750408684,-2.5299999969583418,1.0407795470095629,1.5742069089906066
0.6950704206793585,-2.5293000213648362,1.8020052386696634,1.1254862805123804
0.6938105366817661,-2.4869195780324174,1.8083733402372009,1.4700995081085362
0.4103804728374333,-2.12532801331153,1.836508044620445,1.811446274093062
0.5137179591675534,-2.18063269350453,1.8781091612849465,1.7522452513151046
0.501147307420817,-2.237301340995823,1.8457329846063404,1.845678682000884
0.6414839477195156,-2.4083293561712518,1.8639754635034183,1.7817079470638588
0.7168757266444192,-2.5368224326536426,1.6356580551310205,1.380666796928478
0.517512377753965,-2.3338252233121186,1.8175223704594792,1.5049560030849056
0.5470440964859073,-2.396255237845959,1.9628860955759864,1.5552179574258895
0.7334379385945347,-2.5574132825776377,1.333849541227126,1.5182621613765357
0.7510613317864887,-2.6139764430749253,1.3882925345001975,1.084422815373333
0.568183109942032,-2.4814248996434425,1.8119259371035532,1.5942639115720596
0.591827836088067,-2.1692552426510354,1.9706179016016814,1.8878317893092802
0.4041640336575998,-2.168201214470898,1.922779688688561,1.6252842312670908
0.4423953670156364,-2.140847196297343,1.91839617167831,1.6621579872200996
0.4041187747502543,-2.0812404810312444,1.9649468145748326,1.6160033607286133
0.5074106337750071,-2.299770334158331,1.9650013033738785,1.5673757232320358
0.5703126508918313,-2.2349508211647366,2.024674956891896,1.6807424036367782
0.5096697282923017,-2.4455739373031338,1.4361854530300646,1.5403115840684127
0.6161492450643689,-2.5862370485192185,1.5745857617656371,1.3439732307654462
0.7107664156187146,-2.5630900192649144,1.2123073634652266,1.6714800897581048
0.8848290427226108,-2.614311601916356,1.2365299981606117,1.2470816761368444
0.6371536759533643,-2.565827425772507,0.5429505196201427,1.1439089992058784
0.6603733070102382,-2.581491039932377,1.1592733919143023,1.5060521874306891
0.3712240584603903,-2.0994508451475813,1.836873547590247,1.6783935039976563
0.4943428451019336,-2.270273254567148,2.0020190465746226,1.570412587008698
0.6018860094911692,-2.475112418797834,1.6305130741008556,1.497977226928458
0.49534211932433686,-2.177534153249097,1.9875349460571121,1.602767706133432
0.6692495387129151,-2.444599561643311,1.829074164341768,1.5383667773275178
0.6903939332864045,-2.4210769878656984,1.9284334791588784,1.5323868584747475
0.44850472845187117,-2.2250035682599925,1.8527484415492004,1.6569689769477505
0.6233319642246029,-2.4694063789085123,1.840016973696496,1.4755422259294844
0.5676675118040679,-2.312197460049204,2.009516165411824,1.498631625103766
0.4489848478382506,-2.191666141911673,1.847574109581366,1.458917707370228
0.6817648823038391,-2.618241964891262,1.4761474668937005,1.3044238958638037
0.7687590120995361,-2.5882165115272704,1.58182621244531,0.9731204879927622
0.7031054669263108,-2.6234873640678806,1.4208578710951563,1.392892025306486
0.8109358100686244,-2.5748456676762834,1.8850443035439701,1.3410008060180494
0.6190568584669265,-2.413635791157834,1.9749708293921178,1.5023502923109782
0.8938637993529767,-2.5507109404198522,2.1611829951575316,1.1523867419020755
0.7242300186035717,-2.4972701332787697,1.7339184028299148,1.3248458046169278
0.5093217910534563,-2.2588498757452804,1.853880420176089,1.805514158820067
0.5834340444205874,-2.4887100351783293,1.6337829385074427,1.4185650270627956
0.4693903614038364,-2.332269063522877,1.8335820987886868,1.3969681744050868
0.6361505439880936,-2.5047183521728926,1.7538083200962424,1.454982217255568
0.6578679204630214,-2.4001134203440957,1.859022605651288,1.6634972031376842
0.5127687184359148,-2.129965111746867,2.0773517754593462,1.6357741418953649
0.4991015939367579,-2.08916957271488,1.959237212534632,1.800722128603812
0.5523223432093212,-2.2150541048372157,2.0069035117686176,1.5910800264266947
0.4962774752078664,-2.199241979791328,1.9817357733649947,1.6152629162613332
0.5057331615015052,-2.171797397937847,2.0190044134011105,1.6173644661602538
0.5779641250216346,-2.377383291917614,1.910723898760199,1.4882532316741548
0.4793490818502362,-2.3818208215839336,1.7036751787183675,1.5971582830337705
0.457967541342187,-2.0983820135175293,1.885584223089201,1.762172911859803
0.7242045321367919,-2.500724125956938,2.0180157124844977,1.5968240990090665
0.7781922661728109,-2.602134577054197,1.4527708915099682,1.1030652684381443
0.5055155785422889,-2.377524930530025,1.8851762921389768,1.693697011975587
0.6499652131524781,-2.4363241617690936,1.9952472946196127,1.5638217142002193
0.5099408209845071,-2.2827510055572393,1.8808876932893808,1.5406649937676522
0.6704783509496438,-2.5884434617829495,1.5177174447097506,1.4940424748055772
0.5723549110153595,-2.56749321576996,1.797401619466565,1.2592649213831042
0.6103255056959533,-2.511958956431134,1.8978404845466281,1.4977359890578452
0.48761074211167643,-2.3570703023604374,1.9218544657941952,1.426541140328421
0.4896787059556098,-2.2791974812903133,1.8782096927769136,1.7435700759420463
0.7622394130304881,-2.4722678281368125,1.959676593006657,1.5459893767602413
0.8016333046113169,-2.577751488739023,1.7315920475003697,1.3862453065127411
0.8355869303517965,-2.567952638373535,1.469234516889669,1.1692690767563678
0.6455729175618716,-2.3907978946588258,2.028896158533022,1.4607138624490676
0.6165426820877816,-2.305536476955022,1.856157894684023,1.63193020911134
0.42364028199795073,-2.2914988809461665,1.913859861362699,1.4640088189791647
0.6762355978181243,-2.4795983462600235,1.7698550362729246,1.4196300629555516
0.7060176356197787,-2.5421780722520717,1.7381018309178196,1.3374403385917466
0.6798280992735896,-2.379560084667118,2.00638963249069,1.4902459164539674
0.6838234996126207,-2.5551421125050724,2.037290149090846,1.063998372454356
0.5299405189418913,-2.384365147301454,1.8221466673847653,1.4444161911660873
0.48605903402855544,-2.575652694860731,1.5038328919716133,1.2343998733350157
0.5895651080708475,-2.327187551816699,1.9435881574081182,1.6265239151487956
0.648947054988424,-2.4032513881134236,1.9712392829667005,1.590059665125499
0.7462475646752013,-2.6213562835800914,1.587789543988957,0.8434677919988915
0.4908813840278311,-2.3478317951911074,1.9890938833775196,1.5348748352748143
0.4595206924583384,-2.2226604669391246,1.8322438928578582,1.5501116926242409
0.761233913756504,-2.5790711291157207,1.4146206696336432,1.1729225444960094
0.6447582814301751,-2.4389591402559945,1.9711750220497752,1.4488521859693724
0.5945324091291899,-2.3054269863781247,2.011966459512351,1.5337020972231536
0.7011695215401899,-2.5539358543682322,1.7320548811624656,1.2260678992541596
0.5869053726484861,-2.4983563296545204,1.6322535988585425,1.3717815650675622
0.796162443581462,-2.583554173563832,1.9719936876353628,1.0863281337442445
0.5228606387885218,-2.2169088793730083,1.9407559068429265,1.68021918389384
0.46289975484317386,-2.2669278594718425,1.7608167604764793,1.6179736189270164
0.5615137843795328,-2.3920488102530673,1.9259045553468404,1.5662274539782628
0.4498923047408955,-2.2229869109963474,1.922490151978842,1.499415625686173
0.45179825801674034,-2.2778915380757496,1.8098425041064459,1.6214907951862938
0.6268389826045221,-2.3793436915540984,2.0910539977624434,1.4948865346881324
0.47899629215229034,-2.284462758970366,1.7932004788806684,1.6395851395266832
0.5162545040396211,-2.5136355976626654,1.6186049989129276,1.4740378155150589
0.5795916004637545,-2.2780558733600107,2.078860217887056,1.613208230462134
0.565239831431716,-2.5285160774716684,1.6220114540374357,1.3534727506910862
0.760134912051003,-2.515576875808087,1.6735801247016582,1.3704086631828516
0.5805804870154512,-2.2918956406793463,1.9657957493408742,1.7318507468167441
0.6881256586282654,-2.4843383339033123,1.7990985956940335,1.4610877872121615
0.6225270995414377,-2.531449918367779,1.3874098089365052,1.384585569650283
0.6134735364613562,-2.434951195619332,1.780436870513096,1.4667640879931072
0.8385377055713635,-2.6272261875899976,1.097587844975466,1.2517660768266716
0.5514509994902106,-2.20196772780435,2.014698117173578,1.6910934142744525
0.47317886448528046,-2.137767815561868,1.8806898240394716,1.7351733812052368
0.41792672091288785,-2.1271915853221754,1.8213160873777159,1.6458832376722405
0.26507623365051575,-2.046162298489748,1.7189306290596664,1.6116573998841248
0.6791092200350444,-2.6177049823899092,1.62050299066449,1.1512221112956464
0.7486014999023162,-2.5788819364195907,1.4317818485111347,1.368707222206153
0.5954401752359032,-2.379309270984037,1.8472433133534554,1.666672748818117
0.5356773934967525,-2.2763059702474178,1.8820398220007633,1.6157868738883228
0.7105059856431657,-2.465481759233243,1.897533555201245,1.5542013967294157
0.6178225471321355,-2.4500202434997376,1.589847934704904,1.6904770409712755
0.6816319829692662,-2.4122885392868527,2.008463466388683,1.379934824834842
0.7815051482022717,-2.603110116502579,1.5960836187167442,0.902738462597493
0.4684981174856252,-2.1533036705854305,1.8959491481248532,1.7401017442262592
0.42159983790068883,-2.125210582450415,1.8736890500268122,1.646773385779724
0.5937638306811204,-2.425754430535824,1.943744869597033,1.4784684549637357
0.6445545947907002,-2.4560349104072667,1.7244243725212118,1.509806564414026
0.6793132382930227,-2.344897179771662,2.0248152988322414,1.6075473390265462
0.5331010435531109,-2.3736277761088336,1.7114878067348354,1.4821724266561478
0.6279534800076668,-2.397493936753414,1.9199276898044544,1.7283349456000257
0.650288833403899,-2.5001609918321934,1.733610751235664,1.4219380008145377
0.804093972491037,-2.6222703144445734,1.3198736395596744,1.4247330269046565
0.5291928319065808,-2.400438971220173,1.9033256341017544,1.3724499069985916
0.33393498530151483,-2.192523211286514,1.7691343297422195,1.5282990591740282
0.8006893715412761,-2.575394917935493,1.7724611127417118,0.9110684464682153
0.5471201882219334,-2.2969019052003983,2.0519383689974218,1.675143078427528
0.4294194840971943,-2.204097715865966,1.705535407997513,1.8744994947291753
0.7805719285304806,-2.6171369229883688,1.430334244374212,1.1826815863484148
0.65581253742071,-2.520254271959214,1.863710562161731,1.412406853829044
0.7679825295369909,-2.558760533736113,1.6234357303786475,1.2316138869407047
0.47459535681811593,-2.1968694644811104,1.9483722080161825,1.6634327672385054
0.5243447601296939,-2.170005458119192,1.8898138102889763,1.8195095095725788
0.7539474793526384,-2.5200692909840208,1.6671769579348668,1.7179957135100934
0.5029823491137547,-2.185801019083327,1.8951811973924224,1.5812118177505419
0.6542286599329395,-2.383238082103425,2.0668873080306143,1.4831800382158875
0.4809613844765569,-2.01323016746513,1.8477752536504524,1.7747374302657224
0.3639972709318798,-1.749802583398425,1.7803946160166995,1.8323310899601941
0.4925131978815174,-2.015292388587946,2.0146110386046825,1.7394590033288548
0.5821068918120273,-2.481850982404919,1.618263239262657,1.2142519582667402
0.5966213597831608,-2.3949089358467335,2.0396935633298012,1.5874335669823996
0.7568304862619939,-2.6307664661736183,1.0682177115094504,1.5134905272563395
0.8235006086470538,-2.5475176270797415,1.400574522004546,1.4207998317339878
0.577741597453452,-2.3937840787351234,1.954203411776454,1.481864609285144
0.5021998301036433,-2.219159711397309,1.996290024720866,1.698760614160073
0.5014874082749211,-2.4049066010819975,1.8874359009860324,1.4985971266326346
0.6991970828643796,-2.519309762403509,1.829329880234626,1.5649155357310898
0.6815643017354183,-2.5373436963816656,1.945588855443909,1.334353831371946
0.6089907710850705,-2.463580768996322,1.9368707856733964,1.3694885765017744
0.5494399380726374,-2.3323367537203317,1.995857381200141,1.7388636504594626
0.7849084802668075,-2.561554794952286,1.5653349388070295,1.2086847918465842
0.7277977379033598,-2.576547560771494,1.1091127233657256,1.368971321674115
0.830377203938289,-2.554343158177993,1.929498893185571,1.245179180479242
0.7720676874244022,-2.6135233788180248,1.1691324166416435,1.18033191543315
0.7268725688907067,-2.4822437409037796,1.8820862855053464,1.561018893082967
0.7050394001084004,-2.4876531225014094,1.8845293190219738,1.400384261244542
0.7059488368618261,-2.4766897879816834,1.9429489100757715,1.4633211178326757
0.7163672362059695,-2.580394464561625,1.73212534494565,1.3690121270717581
0.5063821445007236,-2.3998735866487975,1.6784395988685084,1.5898054818054699
0.8419910041860722,-2.5287936350001274,1.7064401263032707,1.4417832643535837
0.7190013476072057,-2.57491236660599,0.9525314472263495,1.4426567948434974
0.8876019372508612,-2.678045164045009,1.1216052480300385,0.6085442185627111
0.6540444141296211,-2.564262902035184,1.7405721362100435,1.3406625485486554
0.7152150189369832,-2.513922538625015,2.0281058905371556,1.3736220295486608
0.6692042025487457,-2.4992002005533585,1.6605017753531817,1.4621237669176186
0.4430852857411792,-2.283618574155471,1.7738824949835383,1.6276260319736395
0.7055243362258793,-2.424092116022433,1.8391849718390905,1.535833205790844
0.7659777115332208,-2.6020589840864177,1.0170703849723628,0.8541218655502605
0.7984397945167132,-2.6124559469462274,1.5626014112682887,1.1298213465728035
0.636560454543074,-2.345548242543431,2.0494604244614587,1.5560140101236166
0.5286147966869211,-2.518259330393963,1.69437205493277,1.4245319911904533
0.7776545104418544,-2.6170786649091347,1.2234140194942729,1.4291895405536463
0.5229705965093162,-2.2783607220761577,1.9595466211985668,1.7007580192055196
0.8649838009372351,-2.6404545210131416,1.365681500894043,0.5648483819925136
0.40418767794192506,-2.0712690811945658,1.859436908843572,1.9016900710297606
0.6961604408368476,-2.5193526866776996,2.046181207517337,1.3801838591727902
0.6257153343778386,-2.3905061886212136,2.104522768933532,1.5277581486145122
0.6744260887118422,-2.544056667428102,1.7143058634445643,1.41374522122151
0.7304499733895216,-2.6143590482095944,1.335699229657297,1.5050319727135086
0.49468605449575764,-2.226093365083362,1.9663575207418422,1.6891840091974522
0.49627957910832315,-2.2948229345980358,1.8079370481255137,1.663117395491137
0.598592867906413,-2.310822503190193,1.8268360966449704,1.688168159223536
0.583504464194628,-2.5104128099221055,1.8107087445615786,1.6217307293686318
0.551204247707941,-2.3850851894700007,1.89008821442924,1.6416674397080926
0.5432354348728732,-2.11867645591227,1.953439347631211,1.7647557359146884
0.5552860005865639,-2.2715242702786775,1.9448306201910808,1.6956434447728057
0.6072768407683586,-2.3049182015261342,2.040688423005831,1.615076794953886
0.6402301636186442,-2.434421205585545,1.953948627582064,1.4387136650994223
0.5854552267269969,-2.38657402927277,1.8693690906896239,1.5524672480617465
0.6438125005922899,-2.413370502802329,1.8900313891454439,1.6153970666401347
0.497769996304507,-2.3630451876008416,1.8890081025110772,1.4264928827893728
0.8077260338130549,-2.4728580229499593,2.099884965821777,1.4062066096616954
0.4629936244869903,-2.3321580704328575,1.9180197855312602,1.4666320792360952
0.6920421204904502,-2.5161859517869036,1.7472652378758178,1.4255930215509907
0.8615317390332495,-2.6449320648815546,2.0943133513157006,0.8910081994978915
0.6253788636347266,-2.413392830970949,2.032976916941498,1.5396058074314858
0.7137430255116323,-2.5667493889612345,1.6398367747535723,1.416359798558549
0.6603326034030178,-2.508680698206411,1.8429177017273315,1.5075248628929425
0.5717554263255694,-2.2571115493929876,1.9805886130169765,1.6279093354155638
0.5341848506032634,-2.061013851158439,1.8793786831306258,2.001150026885034
0.7230003955004325,-2.5189442171130363,1.8459871545346789,1.2684209269649007
0.6245032469877387,-2.3904586996759374,1.8593217414064311,1.6002859323635832
0.6381030335980945,-2.531324473743368,1.574321990674165,1.4900881736058353
0.5795804455930957,-2.5602309499062956,1.867608600628894,1.0290295817925166
0.6097501443062282,-2.393649171452044,1.9917100506011525,1.512865719213082
0.4890304954969854,-2.2235301777323193,1.9621604017670349,1.7768888613027785
0.5521346045723184,-2.3608431785863946,1.991303757016647,1.4265371119561387
0.4600766310280754,-2.2205272561733214,1.9481779335560143,1.6620331752505606
0.8196083581445206,-2.5072953893418197,1.8013415022862858,1.295293817872334
0.563395049422397,-2.3099643024757777,1.9917610208573295,1.517490479760175
0.5402798700256146,-2.3617924917111446,1.957721286985443,1.4691968823930055
0.5849620438143883,-2.495929300784389,1.5953328131330151,1.4048893670954647
0.5627026519508819,-2.2762113986886385,1.9467199883171649,1.5037453570356374
0.5327188799902474,-2.3668526357419246,1.858568335908653,1.5552725194283048
0.45654436977166685,-2.254292408644924,1.8611716261403508,1.5607849809229837
0.5019822623946887,-2.255532384353263,1.9645510391942778,1.5964402236023914
0.5905565261042363,-2.371383882112205,1.881925872281253,1.8142278444596038
0.4759671822000837,-2.162964841748681,1.97293502873329,1.678335673435417
0.7978344484304143,-2.5882553374328823,1.3939207032330376,1.2263693139633798
0.8732514913987116,-2.6475056880510723,1.286352630791617,1.0423127274090058
0.9632824857242265,-2.6374076062624416,1.517530342232505,0.8403096030504941
0.4094669971230606,-2.1318422556066112,1.9484651420430088,1.6466571396596557
0.45630258687331604,-2.150727182952474,1.9356984417703922,1.6874302145865165
0.43165905619010814,-2.1136085596321594,1.8726918289570247,1.7026791415865197
0.429034981043784,-2.0244646643714757,1.8948894146003419,1.8103553986962164
0.6244042820339019,-2.5090999956803257,1.3686742079940795,1.6445103490772044
0.8201599890341801,-2.4813587118835865,2.154885092846236,1.2786334757678308
0.522769046278364,-2.5149057552849774,1.6623266602805846,1.1975929509353236
0.5192417261911001,-2.290832796858342,1.8581821978431057,1.6882313444850978
0.6114803458516525,-2.356947260490035,2.052821154864223,1.4536303006362836
0.5540224501201729,-2.3032670140003555,1.9833642338311557,1.6513728414003577
0.44252405147475693,-2.218271175089738,1.9111179623241965,1.6702903869606924
0.7191621451192101,-2.442076115611023,1.8927150616699646,1.4859678411729222
0.7012979028555515,-2.531047495625719,1.3238199729936526,1.5301106812997796
0.7180715847816289,-2.6135108266632,0.6623437145549975,1.3880838792586963
0.7255199540533237,-2.4128025167116864,1.8946653778297333,1.616462259099541
0.4642213489765501,-2.21623003838231,1.928377718524989,1.5901568260063503
0.4184948268679415,-2.210132611609753,1.8078117331955394,1.5985904045763184
0.43662251111808104,-2.153078113461686,1.9693206033192598,1.6192167605809777
0.4164061773308244,-2.068412600188923,1.8717594680912373,1.8302085065394431
0.5372836895900515,-2.215664166569278,1.912385272288447,1.7309145615184482
0.47629306427485546,-2.0593596466364534,1.9965469984753734,1.8065350919501484
0.4256744688548217,-2.2298234266134673,1.9298599516505162,1.624069992519913
0.663111907685524,-2.5847966725672253,1.2145374544381176,1.1721853946336442
0.6648723015765581,-2.4308018835071064,1.8394504690783835,1.2122993847228773
0.7858522603232975,-2.5539636504277494,1.3709408391210176,1.2736884522584486
0.7794409009334846,-2.491858774580797,1.9144093395944064,1.3375034653769335
0.7174448355230562,-2.4119443550082633,2.007373418763676,1.7204237326798157
0.5794455219546455,-2.3952439307035402,1.785847894024528,1.4959670742524838
0.39013860749797236,-2.150833363137516,1.9127021149616619,1.553517030426936
0.4391931330383802,-2.1599414134132653,1.9642592015545355,1.6796231576237048
0.6183843212217964,-2.437598678322303,1.8377514409448203,1.5637495630427771
0.6183323432824064,-2.4511760476349465,1.906854407143105,1.4240305790479348
0.6781656772355509,-2.457365348716742,1.8129931213576913,1.586146860404554
0.6577302657634951,-2.3986779806791727,2.0232296499600637,1.5018286527811773
0.6530971457236288,-2.5682838360735727,1.435434728589999,1.048926592143372
0.5830269480602019,-2.3799769235138504,1.7729209918569862,1.722160677760438
0.6378704508853994,-2.4269859638847064,1.904277028159393,1.5796015679767101
0.7700860461046061,-2.559152305310935,1.5131880195159082,1.4434713335158083
0.8036459377844574,-2.392661735790618,1.8773473519291455,1.709880564416814
0.5146441113647031,-2.4759573251815974,1.4502762278799493,1.3998792330511127
0.6209869163821458,-2.4279521401989914,1.6888817020319657,1.4904690765776747
0.451026201174216,-2.281380524830777,1.8829266057644758,1.4573309066944105
0.4331918617360882,-2.2095187477897626,1.8165964021014758,1.6919212813234599
0.7109705632520692,-2.474304415713684,1.8051553943970393,1.4493408274391195
0.542774840457927,-2.177690776269791,2.0135134297566615,1.699754001640149
0.8967388114210989,-2.667653484074405,1.3863014723039753,1.1817459040449254
0.7900990731187201,-2.592191941104082,0.9186656271094957,1.6016789638330136
0.5448173943852478,-2.353265399770469,1.6202956170536031,1.7617399774408073
0.6958230941316411,-2.524752453331544,1.7027004593536732,1.3050402913217731
0.6837185690059703,-2.5270367852280176,1.7263426112280456,1.5460147145105179
0.7183676377581948,-2.5356214790644995,1.7264942611546104,1.294489796384944
0.4326531124981802,-2.198101180099145,1.9146002399324915,1.5633372630106
0.6069943602418364,-2.3491886767230956,1.8707132054430167,1.4663987311747406
0.7713272415320688,-2.5674163598974604,1.825075149897151,1.383143538248938
0.6629510510467543,-2.4271097022399424,2.041076561097175,1.5921854508045143
0.781064858114586,-2.57472022680015,1.7455709270887065,1.333683989457533
0.668098439463928,-2.4140094070344538,1.8835077552404813,1.5690571190433118
0.751949635463506,-2.5661209733037946,1.341716249888656,1.4201619916825163
0.938301847011319,-2.6422241486988227,0.7727797520932276,1.1493824864905127
0.8459189810231489,-2.590162250478904,1.0369573725784966,1.0561872799481828
0.7785367268200118,-2.6826454449700874,0.7384707004549094,0.35719057983700875
0.8496166097251311,-2.6872205299025502,0.32112575661379916,0.8760735617015323
0.8148637408064492,-2.674559381964603,0.40798064051610344,0.7384494759734829
0.7853230469201791,-2.655352777451608,0.6899475370873567,0.9202010555943093
0.8135414119902622,-2.6663486400981435,0.3419745034502845,1.0924171569933934
0.8683464345183177,-2.6354386516994306,1.038544726383174,1.3956195633804414
0.6956993123525645,-2.4944454792743374,1.616998270827356,1.3066508308424198
0.5078416473101993,-2.425966644443927,1.8072822274283336,1.4590782717555482
0.7519001061915082,-2.6104384952527546,1.513650626592125,1.1119387352626322
0.7957745203070589,-2.5786387161620326,1.8173155748691727,1.2828755723688738
0.8197506628961783,-2.6143867952921624,1.1988519880096349,1.1882862959084508
0.6553049387549974,-2.4266666845561446,1.894815862073458,1.5005490109667605
0.38338575817662196,-2.126156171825592,1.868808720263888,1.7792976649902064
0.4542919198313901,-2.2564682802225717,1.9036695599063693,1.6313663523958657
0.5998452908260058,-2.3444312132837144,1.9518068512210975,1.485021698760596
0.4305315585007663,-2.0678584553648793,1.9758050117709487,1.7159630661780965
0.5708002058058512,-2.2739467973807708,1.909622441459693,1.784293092366056
0.5641566280359919,-2.370263898673418,1.831550245248977,1.603870981826192
0.5925091165561266,-2.351252897107436,1.8924364623738947,1.6145464388975845
0.7017936062287758,-2.4118590754511526,2.0305222687751274,1.4405260658004548
0.7042587607136473,-2.4842559511772997,1.779243409354585,1.5240505083004616
0.7022751700342067,-2.644756805908849,1.003453493993523,1.2254779284163992
0.6989512870825283,-2.455888843695014,1.5620505079935068,1.7717715274719394
0.5331012164216842,-2.3503553430458815,1.8446458548975126,1.5224322512880275
0.7795464021394706,-2.6666144335023714,1.3406195622717014,0.7811371999686089
0.5509217360916935,-2.38550075856505,2.019165576510667,1.5310255662199064
0.5040746786541068,-2.228325159620404,2.0324532487651954,1.5568706287479446
0.4430843407159924,-2.16159832454248,1.8750915388219775,1.6386733570969934
0.49789587222226206,-2.1036360881723133,1.965461216427292,1.6860035767258506
0.5593250306911772,-2.21779076946898,1.9801426627123204,1.7743428513073851
0.5660735897030857,-2.4234012480884863,1.752990151567228,1.5412093407485692
0.3949598799546983,-2.204184298557467,1.9119399399741819,1.5623764598275827
0.4221960161687399,-2.1703530431476663,1.8109909612230781,1.6905474975754522
0.792570821221399,-2.52713077674387,1.8755921578000083,1.429362936045319
0.6165637576470487,-2.521778448077777,1.667870680196597,1.4463866828073717
0.5664848802087268,-2.507293488253363,1.7393070394623986,1.3090185200902529
0.5226798010577984,-2.410871917046651,1.8442071166279672,1.519448491988107
0.6975807069134731,-2.4489684334026327,1.9366528363132909,1.5061485587034924
0.7081302652649148,-2.605110805351156,0.8831232367836597,1.4200720504801032
0.7874327853483652,-2.6920263414574475,0.9015794042685792,1.400998049559736
0.6486053551125412,-2.504979701842444,1.7078052428862156,1.5150992422678118
0.5096809195584975,-2.0930347469636073,2.0362950389721206,1.7342218053243459
0.3217012556995373,-2.0397588106158224,1.8065511289876355,1.7033721636215715
0.35643080019660395,-2.0212893212607876,1.7852014412623416,1.6301445003761714
0.3999607194942902,-1.9828614523551888,1.9326873446359376,1.7043699174067788
0.606973915329938,-2.2865800418549123,1.7910147932937677,1.7955124482316478
0.5225998545743493,-2.326849300652873,1.7814305674150166,1.4572578473926603
0.6156582879183912,-2.503228679005968,1.9743933948484165,1.4624271556550963
0.5334043605441663,-2.494234515690289,1.718946606940339,1.226114251521496
0.6209706496482836,-2.472666125202206,1.772902028298434,1.3733039520839525
0.8095684648925184,-2.6098043194286586,1.696079021100236,1.0214687591604008
1.0311474534304743,-2.652478718006063,1.7484269194542492,1.0619460404163126
0.5908545495957422,-2.4355074825090037,1.8362662017047244,1.460119353671398
0.5576120610748809,-2.3212612087880946,1.8585163701416245,1.80807016592098
0.566956768284215,-2.376996904199544,1.9315495658043131,1.5548827533256189
0.5421531625605935,-2.274376607260855,1.922892410403382,1.6554426201335497
0.43366741524092167,-2.320691097625393,1.8502502978994304,1.4619401338099849
0.7052026758801904,-2.5523491113037116,1.7586047545552328,1.2310057336976452
0.6863175855257799,-2.5702570373712166,1.7454644960203485,1.215442776180394
0.41851116779770536,-2.110713465541792,1.821860671165832,1.850981207103901
0.5679911339099497,-2.1638962256101917,2.135388904437317,1.6172576963654792
0.6534684120708448,-2.4278901672992874,1.9806309239146849,1.383728161599947
0.8143990954495481,-2.5462160653495185,1.6974866910966282,1.5590432716135758
0.6917596475241711,-2.452080010025867,1.8156072671157397,1.5688039483415004
0.6506388028384623,-2.451795443270307,1.5736041075898126,1.5502489938831374
0.8337269934715837,-2.6104206390312266,1.8934823325239178,1.032940892463187
0.46398479369626516,-2.3455076698093507,1.8363716931576808,1.4798278464396157
0.6869846591651131,-2.504913510018897,1.87595394395345,1.3852059445340217
0.6181418386442488,-2.4940381545129875,1.9406032446264616,1.5112065809585176
0.41694692439139497,-2.076793646748278,1.9353140390744226,1.6585001064338556
0.423513246365896,-2.032596733482106,1.843940639542107,1.85824097350427
0.5637204261034613,-2.3072821325936754,1.875116871334182,1.64808781453879
0.4685829403272618,-2.3765164895832585,1.804390549262917,1.4081918668434519
0.8058230677096626,-2.5654270274174586,1.3739483527993772,1.3347745695969997
0.7330341317174471,-2.469020055311857,1.7995606681650005,1.3800682869759855
0.6141459562389117,-2.461414193825103,1.7418256342989118,1.552905497061111
0.5875730735481747,-2.3702116582494828,1.8437016764821834,1.4096978370838815
0.5909908217129586,-2.5022267548102284,1.4139753821038632,1.4683388374445259
0.6057093116147998,-2.474988905440428,1.6911382479344832,1.532493697402552
0.8110713328636515,-2.6221464264559664,1.4036157354300935,0.780622587792663
0.6177602781414617,-2.431448692954663,1.9583235609896334,1.5691824436073465
0.7013104579164241,-2.5087358144868106,1.9305466790666084,1.3358933562414106
0.6929180616805966,-2.3777726648704673,1.9286185754997516,1.5465555545516543
0.6442155536437452,-2.5053962477272997,1.7047238904554396,1.43136013377945
0.531717148828232,-2.284271282990429,1.8246925663816302,1.5850075689480925
0.42539524255737526,-2.3027310559687684,1.7520366496849733,1.5784100583688
0.7198149326056518,-2.5920531993665747,1.8363394700999445,1.280652984561195
0.6898748067597434,-2.6809606597173694,0.7911559522977647,1.3165520696767228
0.7583413992380046,-2.55426689856737,1.5500115522780282,1.3770200917595266
0.5437664968116303,-2.3119921462509043,1.7383498829901076,1.6775914121570734
0.5633869094522126,-2.418257274531606,1.8516029618029726,1.4609387567221876
0.6254640366819311,-2.484396679889882,1.757372097424643,1.3843644415970027
0.4155112526115101,-2.1828691442123276,1.883250654439569,1.5982417567791296
0.8352442051284902,-2.5919604472645768,2.0002577611793275,1.0846763901827685
0.5238632708006876,-2.297432701038314,1.9019850212044767,1.5276568144434408
0.6219993245733413,-2.408955544730149,1.9138539487525632,1.4710742695100414
0.6078321795105297,-2.527873004191529,1.7294791063543473,1.2331873797481119
0.6471794716151229,-2.40010200994834,1.7075543256335233,1.6366545587850938
0.7212205151616016,-2.474888278096169,1.9782650697234234,1.6014732833569907
0.5375626315285984,-2.446402178906361,1.7249236402326407,1.5521332784804875
0.666640998578199,-2.502321798587166,1.8525471573803898,1.321218233134903
0.468879513497683,-2.1429860773667664,2.002769003049988,1.6437059922322212
0.5082984603592745,-2.038488966051975,1.9332327236261735,1.9471978452507812
0.45803106285225825,-1.991304301704259,1.8868230804297075,1.8705663417438385
0.5783489586565249,-2.1650556616733256,2.103089220703921,1.783417614739136
0.5661780757307292,-2.2846893326928193,1.9139450235407165,1.5017902117611992
0.6356323886259962,-2.490680269758579,1.971069528312426,1.3405627669940006
0.6115879367409576,-2.4953892594068097,1.6016800562993028,1.6732517074398767
0.8116925916570712,-2.5869853415648887,1.7629844265083352,1.4599632656850585
0.6544574991193485,-2.4211337078840414,1.7300621978639534,1.5185523640820209
0.6289195513349108,-2.4693901330557946,1.9708206372035035,1.3257813359560386
0.6332332564185339,-2.5994216860421457,1.4222593114341864,1.214461268596858
0.7465451351645096,-2.5861330492406314,1.6623664119242128,1.185877865797766
0.6682890041095246,-2.5296018949053187,1.6400368854784513,1.3480161408871802
0.6292315915686406,-2.3904228047721405,1.9146691694862537,1.4908793300714829
0.5711577482231314,-2.551115666619681,1.5973232506886867,1.3013463419886342
0.7380058691273241,-2.4996434847688156,2.113621770290653,1.3607437040138066
0.7665124481326923,-2.5652811953162415,1.6110027706260925,1.5200533449040528
0.6177101988314613,-2.2608855119589215,2.0426139125254643,1.526732146496563
0.3882338931808092,-2.1171371162470107,1.8497305601497138,1.6722487914584967
0.43507536580326217,-2.1184298022533934,1.8620547450817047,1.7703301840951302
0.5152746807443425,-2.3003448375675464,1.842519559622989,1.6008407400548692
0.49599899159487376,-2.410465123012597,1.726810358303544,1.4976559787967592
0.534865239706365,-2.444308965200099,1.6776718445668861,1.3244482908576416
0.73610106584947,-2.4475642820672174,2.0725227698827444,1.3687749822987043
0.5674227234358961,-2.452926704547369,1.5764099843866353,1.5457986136344863
0.8356040397297788,-2.6081578126179084,1.8052496818793267,1.2882641303210927
0.46678958615634986,-2.2412976506244178,1.9776194400819418,1.6132068214027095
0.667283319465271,-2.3612238109639474,2.034921115906018,1.4961984714285526
0.49711030635686493,-2.4101418172540257,1.9715325603002225,1.5545765309492237
0.6161079239368855,-2.553252444720986,1.3509588112398767,1.2658828530782733
0.7684831629458035,-2.5597355471641356,1.7674850594104785,1.3227399383584517
0.7620920291946762,-2.5102493052275268,1.7516414462457905,1.5028953158176472
0.5527646952932418,-2.3230701003996135,2.0424242272708297,1.5278918582686158
0.48646146999616646,-2.3315308717165926,1.889357485878168,1.6030012600750874
0.3917975708607193,-2.0739775351260668,1.8355765642504422,1.6725729674098317
0.5997590069678286,-2.322224374079867,2.0932465818018646,1.6444176556311658
0.5700344293380005,-2.457897894158255,1.9564273132500067,1.3137692659483005
0.41220337035954635,-2.124276509617727,1.9289370648545898,1.7034635185992042
0.504208235042316,-2.3676965788577373,1.578631511775566,1.5372756016177944
0.4587181042540476,-2.204683928897103,1.9334780392754563,1.6298471320106378
0.6317910790047373,-2.317281129062751,2.0345508832180745,1.4360021055295091
0.5785488237678607,-2.2984247452537554,2.034302714208734,1.610723630597846
0.5624873628536614,-2.472352679438168,1.6908501925656831,1.2893620698864434
0.7911636045882223,-2.5288862363071556,1.872600281216947,1.4496972834762796
0.8646896510242654,-2.5890951101253745,1.5715060745212517,1.3772282971163494
0.8171357299189297,-2.5850841889242546,1.5523526360968354,1.2678731805523245
0.4416203213042841,-2.3857138937512756,1.628763930096487,1.46511948953898
0.47774073675491097,-2.1959562447856964,1.8996457998077407,1.837263620400936
0.48179928860557264,-2.212460806758443,1.8650559487727958,1.787394289000435
0.6267062165409524,-2.419624544253908,1.7298463726261994,1.6071050790315058
0.5621832966473116,-2.3847665940994593,1.7711507787247762,1.586164886986665
0.6700858015659831,-2.5021237720730616,1.4703569725800227,1.4380002394626457
0.6226678153177888,-2.4897939677084,1.968023087893791,1.3412294980442114
0.6483435747941869,-2.3739038551915668,2.0073610472935375,1.5126796225695636
0.5709747999006788,-2.4737676451324893,1.8384779193061151,1.3489359678370045
0.638822646289819,-2.432620757086321,1.7562355615942853,1.4992565821346195
0.7237419488018931,-2.332538887035193,2.0396866551240036,1.7608858070476048
0.6121246408435107,-2.4115808028455183,1.8190841643909188,1.5162737815850276
0.515159001624341,-2.3874462037667814,1.6614347490749162,1.3809862514046638
0.4645199930208757,-2.1707265474900455,1.9127955189685981,1.6160938101216689
0.5258540155953441,-2.2998630905464057,1.9361762683875299,1.4905749888341298
0.5519982554869938,-2.252283734073825,1.9419171014760543,1.7371880262984638
0.5986132242831514,-2.3344669846161374,1.9155092198597101,1.60898792138843
0.8229760878404674,-2.599633674365189,1.7263332092543557,1.0360388826634748
0.6284811339631207,-2.461042807315932,1.571004568406329,1.1693596489095943
0.6226553641128441,-2.449250750067501,1.6852543231188883,1.4507857162256885
0.629674008423101,-2.346443637395337,2.039743443962534,1.5197040394555472
0.8933798028583495,-2.6247095069429567,1.7889342688873637,1.135081832029503
0.43006337903641584,-2.245125199389432,1.8209565521133162,1.6617335630764878
0.5908085711385,-2.3454397518912686,2.1243991657214334,1.5203564626268427
0.8435311334180376,-2.5989475987535493,1.6124990007791884,1.2516254764129746
0.5753986219702352,-2.268846027863362,1.9094590142733008,1.669226998685309
0.3480517790699764,-1.9266958914959464,1.7207291745868123,1.8975058804460465
0.28895154971199544,-1.9689288262039835,1.727626039723835,1.6919047583411897
0.5655755945697294,-2.4375346139534897,1.782962868903087,1.4112682075034775
0.7826245073536837,-2.6155416327361283,1.686834407017219,1.077011204996761
0.5890393861994111,-2.455121023602196,1.883412638185201,1.6062986103574646
0.3799063443521806,-2.1364337626707703,1.860163136827874,1.549262813248528
0.39913961286501387,-2.154985884391924,1.7808508416509183,1.6790652525740422
0.5184008304944459,-2.3771951664655466,1.9993781909571093,1.467471348879464
0.7226092014061322,-2.4788144253636935,1.8373729714417726,1.5091568019906134
0.5822420219625225,-2.3910325319457977,1.9120777648203486,1.550009960393294
0.6367351007548095,-2.3026935099073347,2.024433585697109,1.5101002753766555
0.4703810213956302,-2.251975673792915,1.8443859026774592,1.6593477729707795
0.7570025965088641,-2.4615184265813794,1.9491865189801163,1.6196419591421807
0.6730177559873014,-2.608025202138472,1.6461144686089206,0.7461375279895915
0.5721070752663455,-2.363805057986405,1.9827412349120457,1.5405094573301572
0.662430405130693,-2.4187064197421178,1.7674416870184695,1.6157527269461796
0.7692874027242853,-2.432552894425318,1.8722048085782474,1.739995235736425
0.5560189575707151,-2.467268377308656,1.3646578937877003,1.389669095963688
0.5780378249619444,-2.4353858877206043,1.8844873180528199,1.444016701959576
0.6666651558424103,-2.547660377304381,1.4481114152798484,1.6196749848639618
0.558589837969958,-2.5613568875702786,1.1813434805011969,1.4291297278582218
0.621217623981344,-2.3323856437751918,2.118435950558133,1.5501975755860318
0.6643802479428808,-2.5105822548869785,1.4071993022897202,1.6904098695948961
0.50616976237545,-2.2835698032125684,1.8169645214848522,1.6908737939827292
0.8073964525766276,-2.5888391799026644,1.7661230643839527,1.1091250087735454
0.7588482173172656,-2.5633843515847152,1.8278188209572386,1.4306371793178074
0.36513702633198064,-2.054230233388528,1.8531146924962991,1.7241379484854853
0.4166603530467432,-1.9418535327235076,1.88660401338296,1.78053346211387
0.40793484573132954,-2.0951154064941466,1.7971927072833584,1.6833773412928776
0.5286419148351981,-2.376731526615767,1.7818036490377704,1.4764835059247252
0.43828918310656617,-2.0442808397647068,1.9690840527656823,1.6604707406404864
0.6476763773191596,-2.512456761035765,1.5046874664990653,1.4904394014429752
0.6250250979818195,-2.460656132928411,1.7704648065456197,1.4613583059071782
0.5296349453532263,-2.5239481103606165,1.2083052985171718,1.285845599403274
0.8239932176220716,-2.6335454595570083,1.1442887560011428,1.0950995736721427
0.9230229975121514,-2.6738515581052305,1.0658332322104833,0.8667155271173319
0.8023705746419457,-2.622285056248199,1.2642325056135513,1.1897586310670607
0.8435064005964986,-2.674139865485511,0.5065716532132648,1.3463269203257426
0.8795376114783603,-2.624360506676966,0.5261641126181033,0.9457179375455322
0.8728984499589001,-2.7306183546016136,0.0305179513303048,1.6393723920327874
0.7821250063135483,-2.557895212580941,0.877199666491535,1.5955825317481327
0.7500426462398855,-2.5452576967981084,1.4532924831205793,1.495625618765513
0.6834344189460174,-2.477894170286688,1.968631049036896,1.3866277015988315
0.43847748893780064,-2.0997431810755374,1.9224130002207964,1.7753911497265784
0.44706587488288346,-2.036828158060613,1.9075456138649838,1.7238346654111623
0.5176740179769711,-2.07299425601053,1.8974897310265144,1.853439936752992
0.7677697486159062,-2.4702891453640605,1.9975704569992252,1.294176097234958
0.5546457557391133,-2.571360789198472,1.1368892591813056,1.6662019043173446
0.5156750192930507,-2.257500037470747,1.9370794922044008,1.6555381089517724
0.5658921602537087,-2.3930425400539788,1.6637815508726315,1.4003998615381663
0.6443925724207599,-2.482539608031864,1.6413819971103827,1.2611732884718898
0.769581016934497,-2.4770865713656174,1.9792366228706961,1.619705095392372
0.6582555510134354,-2.4933455249425482,1.8114352427058988,1.5825857515569668
0.6203070773096843,-2.229573698003374,1.8352647499442944,1.7797460013245385
0.6322694852995823,-2.4372288736791536,1.9528361038478856,1.4256956998984378
0.5372054141440514,-2.411931098031915,1.9775522405004555,1.4878494428048903
0.8156923304419792,-2.631051713639926,1.1637014773225407,1.388183656250481
0.5903203501035561,-2.4497723256416095,1.7701975693313496,1.3781144201468352
0.6001668337132745,-2.3683662142707136,1.6308362347913583,1.6927137900897242
0.6034727337169119,-2.5098872342192613,1.8440764574142434,1.3702633385628185
0.6522129648817195,-2.4619322194957043,2.074868247236844,1.414608230697733
0.6158361822587498,-2.448907917120449,1.8930691670951516,1.2689162718349931
0.5823186986450568,-2.455554657037575,1.893194155950407,1.4474540247418866
0.49192699357886926,-2.3482993122624056,1.9182444838654018,1.5253506251555147
0.465729308741064,-2.165591793362199,1.9205674311546086,1.7454041148539394
0.54296152952328,-2.347601608015122,1.8884011250463184,1.472659732966971
0.7793518509987446,-2.479116302417642,1.8196462021147752,1.538468406574601
0.549312284362776,-2.2608403824805117,1.8510714504576329,1.6609408623203439
0.6042274749717417,-2.418117667254516,1.8627729659105907,1.6125854030722861
0.5717711000715343,-2.362581036318753,2.1984401251437524,1.4733087962907332
0.3850655502118043,-2.0408566246517426,1.856110015463797,1.7188479229845477
0.5163849726181847,-2.157287186750248,1.8255130271424858,1.7873467642096672
0.6775281968159053,-2.4159463981367173,1.7771205258340355,1.585556480500053
0.5595152508494452,-2.525839075766411,1.178911687015507,1.5053793359094525
0.7012172429925119,-2.4828740735095796,1.8768328825828684,1.5912655090257068
0.5241608499299848,-2.422243081336911,1.6154957043198164,1.4925549641994056
0.7755784572681774,-2.4786189026392873,1.8646478719681294,1.3873283906492153
0.5629259935398544,-2.328056093810864,1.9929204857807714,1.7001853620804783
0.5021153458772794,-2.3270188868004955,1.9553956244062036,1.595813567681591
0.535918177602022,-2.4277392725758187,1.950786623530312,1.359535341700363
0.5150979994715215,-2.219097631933311,1.9168661410563024,1.6833882103576752
0.4580028169979645,-2.1779330343009535,1.889336370898584,1.622477697527512
0.6594696598412669,-2.4647260704326848,1.9344239260896712,1.5117097448764198
0.48506401436971075,-2.1621236125471737,1.9732417551959809,1.7708702170107322
0.8112904644567054,-2.567571659965746,1.7659345531437172,1.346591856997396
0.5554846660913566,-2.2541377409470824,1.936248775482961,1.627652193983628
0.47531510285362155,-2.2505927798829948,1.7798404784026027,1.7233138023236685
0.42554472582569414,-2.1972274757032926,1.904684390631934,1.662276768414442
0.6092106138007549,-2.36083750918454,1.8716907604131436,1.6944981099479595
0.5543928762532062,-2.3972972885683723,1.8702183016410217,1.4280151153356961
0.6792044905855081,-2.5421480541805455,1.7603143407219375,1.1049372204991044
0.8761275927411807,-2.612169686496261,1.79031830256768,1.135927656212968
0.6642540554743297,-2.351980677668533,2.006123639653522,1.5609668110117667
0.4009471980528935,-2.1081830769123795,1.728126575549945,1.916533885989448
0.5683829882848064,-2.3350432911223855,1.8040053488496466,1.6155121385830555
0.692338863445957,-2.5458752468189663,2.004602323117704,1.1101405527185548
0.7120826486886401,-2.536750218817357,1.5181665656336376,1.556293636279838
0.6921818905090888,-2.454488367052308,1.6779174922475457,1.3545966301947232
0.642093219735683,-2.435275635862479,1.806353201328955,1.6608088710489284
0.5924261888387006,-2.3037584132174356,2.010013633388365,1.5539468297264731
0.8595456077539668,-2.567972212731885,1.6271935503538637,1.0757535018497673
0.6456110678130194,-2.507078125085207,1.7681594148089026,1.4445972271734848
0.6880280432356771,-2.2920947988020686,1.9138443889870762,1.9806290653145278
0.7021443646360729,-2.4190633281078444,1.8935498929760133,1.5235251364101705
0.687390266953884,-2.5257937391019625,1.8308848666879618,1.2894261175743922
0.5121691077238677,-2.402855480732608,2.0439720489723374,1.4167880600979545
0.7227040958774125,-2.420294152486627,1.9906507339285815,1.5587046304375942
0.519204590338052,-2.346825730501407,1.9626447101066105,1.6126402698430473
0.41562054910404117,-2.1868916570334402,1.9498111136950975,1.6101438355939046
0.8179016320454966,-2.6556214822225344,1.4569794876195152,1.2387982727756417
0.8460125881421516,-2.597526383462897,1.053185328379815,1.2868407656498695
0.6007074549098731,-2.41557109254876,1.50873204655904,1.3451480936838403
0.8080022288941008,-2.644453274602649,1.33339668801858,0.8853261535159549
0.48952571518948107,-2.119892174651531,1.940225531304975,1.6812418948264969
0.41399853538796255,-2.0977527998173726,1.9376858173849194,1.6701096030703833
0.6710029732253385,-2.520445399285728,1.9668222540038633,1.1853706865320648
0.614416882384191,-2.578311202369591,1.6746590999249678,1.3789409284926848
0.7744722185914776,-2.5476450355993236,1.387955505886018,1.626102127029915
0.5872076221804265,-2.443950243071217,1.928426938491331,1.4165069244178194
0.614707352428788,-2.481118804164261,1.9596293564067548,1.4884611349782801
0.7209249780388635,-2.5145421468737266,1.7458287787234616,1.4115838776415761
0.6948873172736267,-2.513662144896147,1.885312976581119,1.405354481828856
0.5741368369472034,-2.397032817857926,1.9397176219363612,1.5903336719376098
0.5393139695210505,-2.3562473488051907,1.7704572677044061,1.6685499663045606
0.6371175193543626,-2.2348769772825583,2.0945170160450886,1.6765934586997537
0.4220926011381143,-2.354230609358451,1.7570313863392917,1.4626713221120533
0.46993117211985597,-2.3504100497621643,1.8844616981890037,1.4529178937565361
0.5434970278106721,-2.300355628204472,1.9901714969388744,1.6051132426375283
0.7271626554735775,-2.516533350735627,1.7594427426133235,1.4187773334191662
0.6787322135359863,-2.375078954746237,2.106600543701754,1.4493371043462657
0.6964114041769124,-2.413429118935479,2.0838610618062408,1.6047779325958054
0.6364012349868947,-2.4416278075860265,1.8529814683554917,1.3819915089670176
0.43405673934474465,-2.1004715078395124,1.968250885312602,1.713596173626376
0.6242819316477725,-2.484915803252826,1.5607040908751446,1.3183021600112466
0.4816857273776534,-2.282238661314338,1.8779075696528313,1.7448562976476731
0.6481508191219787,-2.3332406456242807,2.099788472671436,1.5981198534388286
0.5706495578413595,-2.350393492792664,1.9096834090668087,1.5498087307857622
0.39806524407446103,-2.2421013950218684,1.7929785180408055,1.5039655362632978
0.7396600249768802,-2.5570637880853995,1.204783199373234,1.7538131145778983
0.7624046473719439,-2.628327374582331,1.725258883280349,0.9899290077544625
0.7726935780412488,-2.604906249482692,1.0710560378521168,1.441002178341938
0.6189952068901053,-2.563096332892228,1.391343245163459,1.4990606737871053
0.49826607454148325,-2.2351882942486467,1.9286854847346182,1.6062489462149971
0.5813410920848517,-2.4666093599798806,1.7229877829651312,1.4284263793721024
0.6329623449324351,-2.481197955488654,1.8485563918969645,1.2368249224739447
0.9278053438131131,-2.579055023890611,0.894008529721114,1.5606652463373614
0.6815053379802912,-2.537053455478091,1.4315184284335807,1.4131579610378493
0.711099453355121,-2.55252972659413,1.3373350845223868,1.2919455378875295
0.5179119566897189,-2.2689899426087585,1.976751291335937,1.6956822388546247
0.6534637924802679,-2.5719580656556493,1.4728387884845981,1.3799582823738188
0.7730317186349909,-2.5283082839831814,1.6659162511249255,1.3100133541892376
0.5790315534504422,-2.3287391356228175,1.9956401437263225,1.5744845081863161
0.5813018668258043,-2.4579485768611553,1.8549621967875058,1.2198162085679987
0.7868978588060868,-2.5793637837319348,1.528803371099149,0.938808009454992
0.8384388349315768,-2.5570872043392106,1.7905406432636295,1.0345959540453318
0.4483542735698002,-2.0902849812216617,2.02977771267772,1.6393174896622333
0.6820213883272552,-2.4756886649194,1.761709819182378,1.455824679547204
0.6438083426681086,-2.512664188444596,1.9773184197900044,1.4928724754350449
0.6118356257904102,-2.499469209955534,1.4371111026792687,1.5169938518054191
0.5354438322321535,-2.5125719663087427,1.6097527922336425,1.3789855101705715
0.5758335933715351,-2.3422467196523264,2.0569808642646024,1.5532957127808213
0.6695844570461436,-2.271962260451224,2.0308175327317177,1.877245837477287
0.4749625454851244,-2.1295152039335625,1.9160331824179635,1.7365967449589446
0.6939238416765402,-2.616274388422726,1.2013573663548291,1.489008261042705
0.7123021723659965,-2.583123697288777,1.4633341037135963,1.1029890985908408
0.4816428846019306,-2.292930504981407,1.8777003172287499,1.6767925815829525
0.7423954439009481,-2.503006808717377,1.7883761389610338,1.41549373578023
0.5103240886393677,-2.4803164185785165,1.7650336198781102,1.1546009896412197
0.5109539081976856,-2.174966251157844,2.040336343776448,1.7014013193766135
0.4301956437776089,-2.2094952371289294,1.7533286190901818,1.6184510374868892
0.5178873097147384,-2.126455030081602,2.0104330601305973,1.6715601427649285
0.5070975043852863,-2.1832247725435927,1.9997531578111056,1.7381321864625223
0.7203589846328216,-2.417018026052412,1.8813809344397194,1.5070250602853175
0.6378418021461981,-2.5682367124673164,1.4794061566233028,0.9865187098739887
0.5484735473088894,-2.328145865166642,2.0135643192197907,1.5033285384365938
0.5556292070721602,-2.2544110896759864,2.0483902318942007,1.5671413854293545
0.6429088826999068,-2.4696357372573248,1.8776914032090575,1.4634897949151482
0.7539794337336072,-2.5977244912616686,1.0785715124800284,1.1668975631229161
0.6256564206390386,-2.353077777637783,2.021954781300999,1.6092312976036465
0.5629192578515013,-2.3523762375627797,1.8333429948552913,1.5504892060941278
0.5716931477017357,-2.28257203982396,1.979183242628091,1.4990019483132637
0.4904459402693583,-2.2258482364962844,1.8519193866674148,1.7337089387145792
0.6818009342134899,-2.5102466409477233,1.720536884837602,1.5238797234925399
0.46253719104366614,-2.1483167404680366,1.9284400385415474,1.6425809048396105
0.33770319754696787,-2.0560486713936914,1.7871817500331038,1.6275498985014487
0.5414276936785491,-2.4037887809156855,1.733508648260484,1.5448425156188326
0.6110190254866141,-2.479287271167104,1.6469472188639425,1.3306395282822583
0.49759875158528266,-2.3759935565915837,1.8631404478496467,1.5574725378833743
0.6523390832868878,-2.495396004990293,1.8872460763930974,1.3985351364247571
0.42895795821776306,-2.1625707135917454,1.9080710709424935,1.7116167182901147
0.6442556010767684,-2.4667194644171397,1.9001155506404106,1.413091802896159
0.6395039473217998,-2.3832297671635985,1.9104965121486204,1.7312808577291081
0.6658164897291348,-2.5346198459174594,1.933329932939519,1.1802055303754047
0.49854603174951573,-2.2318346682366528,1.9138176264347027,1.7793810330179642
0.7758580152998639,-2.471064582981812,1.9492247948467798,1.34547678960388
0.3740134309689527,-2.1570005054174253,1.705521842986562,1.6312536109860676
0.5660751236431812,-2.326530346704396,1.8777486640069887,1.7243126516102933
0.622401828522445,-2.3870084733050416,1.9119607256886377,1.5489514273680987
0.5472679840569064,-2.3405554631240992,2.0254013337605072,1.5901915946921121
0.7067711733945995,-2.5031010434106284,1.8469007329247602,1.4837137614952793
0.5463454833858986,-2.5309206582034345,1.6253594067849413,1.4092822853910496
0.5902745977153785,-2.218336779721957,1.997882099794167,1.7725390943043347
0.551564000906561,-2.1865696797813303,2.050618853134606,1.659178584915164
0.5411906776523215,-2.184829067245999,2.0674620237325017,1.7631517972863462
0.6449267122677337,-2.456440081895809,1.5870491653435845,1.3138928094096285
0.5969638934482674,-2.282465831981094,2.025330474451603,1.5335037636671898
0.6993897416169073,-2.506252831455774,1.8817558886416252,1.3583545854344996
0.5464405729095287,-2.3034456620001507,1.8493254137554145,1.5556961031214118
0.6762277615217528,-2.425477412188516,1.8684667770034733,1.51224188088107
0.7191434372587538,-2.4548898769946095,2.1163356547925916,1.3848391850463704
0.5802275145942333,-2.3551515030190324,1.948932378747827,1.525945105272646
0.4525646364362581,-2.15224100545215,1.9915516745209818,1.6064738270374384
0.4732766349327517,-1.9986658489929128,1.9526280482895353,1.81361997533445
0.46011902646072034,-1.9579588926227067,1.8684309364680414,1.8713626048438827
0.4720759179152687,-1.9721244974667334,1.8838674914551652,1.8519479956322757
0.6710373573037048,-2.5247194273078057,1.8258152042468,1.352382597078781
0.719228284798249,-2.4930206584146446,1.7558266760487347,1.350593636082744
0.6185053944474665,-2.3614500815247004,1.9977110996819523,1.5167401189214307
0.43227260367526094,-2.068054574979666,1.8984844980376414,1.7614281539882122
0.48569916818124353,-1.9530389379464397,1.9508046043383804,1.9008591629289855
0.39433299032585095,-1.9355099278556331,1.8975732706881001,1.681183361101242
0.40903094370293,-1.9161885718599272,1.781212700612804,1.801195834764165
0.31731143359266645,-1.9203592370731273,1.7658997798825147,1.7302826555369564
0.31368660518467084,-1.903314893366137,1.7566351049043565,1.7266885163956485
0.3961006640334704,-1.8557521572429807,1.8226993970654932,1.85157170763963
0.5400790485806377,-1.9473156193133627,1.9605998278713648,1.8139360381188738
0.4567763200747257,-1.9810787209213558,1.9001835681977102,1.8739068474174545
0.35474045474975746,-2.211919899410395,1.7013632904675056,1.6531265327393876
0.5615725605316492,-2.512880922642841,1.817238675605549,1.4431039235916885
0.4059244367626884,-2.266561949172349,1.8401032435007094,1.541297052502682
0.4630773753479589,-2.2056006047382475,1.931740970986639,1.550066333797423
0.6545136247826241,-2.549812232812656,1.897943543422444,1.437938292352306
0.5521976824808471,-2.315270617778406,1.9355545612162453,1.6256380388786966
0.5538264515063328,-2.540986475542567,1.0895632819641832,1.4254966435872938
0.6108392778234525,-2.324977587701737,1.9620101909946996,1.568735992441413
0.6451576244193513,-2.4364427989992428,1.6533745232997226,1.353063669542066
0.6795468705915422,-2.551428805731405,1.7410014136872387,1.4719125851696182
0.8535866055452166,-2.536467089573218,1.8169056399794823,1.8318999787148795
0.6719524215793864,-2.527635807727086,1.5256588220651592,1.2203270630342409
0.7692055743724503,-2.5615803700224786,1.6867755164347162,1.4935319300061498
0.5690542711102776,-2.3086722741021526,2.1288482546164276,1.4915076190810401
0.50913723010905,-2.395117175157702,1.838214660269288,1.402298256016456
0.4830800372440916,-2.493187248116614,1.487501348168988,1.4584978481793298
0.6170547147388217,-2.3856783966164223,2.068570192478329,1.564379977879881
0.6002047461937113,-2.446953247395833,1.8983605127165606,1.4855380339094655
0.6694813624383037,-2.4297923579201965,1.9052702698373838,1.5572018158553873
0.5033286369402529,-2.28913295833708,1.882443787501425,1.5817640305270488
0.7240161766852702,-2.4270558794458483,1.9615027315990585,1.475011663792403
0.4918698214438971,-2.4193668620696007,1.7453325919711267,1.5447764571739324
0.5593434837762323,-2.352762140976936,1.9071402557216135,1.5301681887341514
0.5210594291060563,-2.379492106061724,1.902112636753422,1.5292747548370205
0.40099358710089456,-2.200207027230872,1.823466897657222,1.5776776340534655
0.5703563974442073,-2.4241045295179493,1.8960886169765534,1.462498493117867
0.34423551860990786,-2.1037731762688816,1.8773526804504916,1.5462344167352604
0.4178705433805072,-2.080400624609977,1.8843502814497706,1.719071175950798
0.36912310503290674,-2.043507259448111,1.8402689848126446,1.7124192388069943
0.42902323083858895,-1.990673548178317,1.9305458795562664,1.6663414958199687
0.4640377125356697,-2.045360418085153,1.8906391767789623,1.7194247890116197
0.3302839175703247,-1.9348144064849595,1.7917714635671806,1.7473177660965722
0.4196445434933714,-2.101046059690079,1.901865676564095,1.6267477469397413
0.4893967400079062,-2.197090810419721,1.9586728737728436,1.5715859708350686
0.6919380497220237,-2.519067505267923,1.8046067498816074,1.395438666102352
0.5914352301852208,-2.4409094150034356,1.671855762019462,1.3612033827301508
0.3806154615897004,-2.140616316043975,1.779714947933865,1.5393874911821328
0.49191682499323863,-2.0980086028325746,1.9463430561634227,1.7252893636426496
0.5357826078752602,-2.2772295411669883,1.8755449524992192,1.6795188392126565
0.5202693974993998,-2.3019357494582016,1.878677938265143,1.500493232456983
0.5533780642778569,-2.344631398771592,1.9330902890101194,1.5297022326908283
0.5192045148982948,-2.3431054292936153,1.7805324428892548,1.6306700854228713
0.6145500708576788,-2.559166687665276,1.3786107567426618,1.4096601537283686
0.4562673809489394,-2.230329867889632,1.8027669979289507,1.7131780610282377
0.70204447192348,-2.3846653826229445,2.1037768988276553,1.460967942071364
0.5535138687507198,-2.4359603882454746,1.8108453666740885,1.376675298982868
0.5648085475611431,-2.347482556829278,1.7775081262923191,1.5804445405631649
0.6679258558469018,-2.4018007964799843,1.8476679879822493,1.755110758102256
0.6246921802146876,-2.4291058749452463,1.7048205225385131,1.4280068507814119
0.5932844110587131,-2.1956361876536628,2.075851138197656,1.8861746939240984
0.4965460067128318,-2.366253560670821,1.8880940473371508,1.4579361195603195
0.4821984200789339,-2.3963103568513437,1.836191221222994,1.437920976500226
0.3056629199823276,-1.961170927943715,1.7670443331027368,1.7530352423087996
0.45310150492764634,-2.061784556565615,1.873667552363512,1.6728163068185982
0.4753631530112748,-1.9793201624240695,1.9049604433433907,1.818438742555725
0.281180957897101,-1.778596507066356,1.7132395024844946,1.7747713713592619
0.2971477779901784,-1.9460377528380435,1.8078823678809612,1.667873798611761
0.31259508513587697,-2.0188835980500865,1.7827687310817406,1.6861504452058715
0.3141969360692,-1.9849769182706223,1.8183325137052277,1.7013110316939737
0.32466221621666236,-1.9125764666457532,1.7729871825279215,1.7335668095156782
0.4096986831890882,-2.0010790790011868,1.8073508261678028,1.863447068660815
0.45995957858191183,-2.1524094685229493,1.9895924527636744,1.7195139434480267
0.44751878447691174,-2.2370581873227073,1.8695276996962598,1.6316540087669196
0.6583811050832357,-2.5313125732498194,1.6536481958159763,1.3452483738647234
0.4754349951988493,-2.191782247026573,1.9418833164532447,1.5924858813112135
0.5285486237747234,-2.1531147249437854,1.9717798832960673,1.6594916356964688
0.5032501100221187,-2.3363708333644913,1.7735533656088958,1.5248951660353238
0.549064338683168,-2.3465287145700087,1.8624529840690722,1.6730922894179223
0.6162216103789806,-2.189674958096843,2.145786154035517,1.7336236314609808
0.6980661020650066,-2.5215714897611603,1.8911369377001535,1.2997034020505136
0.5860259099525216,-2.4587907033731615,1.819873893106153,1.6231691458727144
0.5488967779124418,-2.31558089504115,1.930976311125738,1.457817079382903
0.5628893843220915,-2.294720585521598,1.8988983875077015,1.5555323845294646
0.5787762336961457,-2.44579806739787,1.9860479891178366,1.479716492094111
0.5842457233744004,-2.29801988759393,2.043934616133177,1.547495229738729
0.6989017199444915,-2.450972029966166,1.9703170710286042,1.5505070393044624
0.6167508504021325,-2.414460915744921,1.8991894355825192,1.5281969284473746
0.5202634555788666,-2.362200579795554,1.8783740002271427,1.5285285971843223
0.5375492896868648,-2.300598831994834,1.9439912687410406,1.5013019928226046
0.6384004400467806,-2.4405318508496023,1.6657360696261723,1.5405713122420075
0.5401463747010378,-2.3860174797441935,1.855977828508697,1.510339155073194
0.6530152937945151,-2.5009102077817946,1.8396112671105134,1.5311875786860534
0.5141182527708205,-2.3572338024681714,1.8658251584784364,1.6374356354979758
0.7580270593456521,-2.5569551361012506,1.813261194068336,1.3488684344911548
0.5441735468164844,-2.374623349896628,1.7664750983799562,1.5096211284422045
0.5642600167426847,-2.3425648470454825,1.956491630426992,1.548048545402941
0.6183085042224691,-2.573075127329497,1.4028933551202756,1.1907595358972234
0.45300145271886766,-2.2276545098233975,1.872694411454346,1.5629127481482732
0.6219406065135454,-2.51387801742998,1.8497551093165892,1.4330979657084657
0.431848342020865,-2.1571714845666863,1.8125898153727138,1.7949845342160677
0.554703554977811,-2.4607861810248193,1.6452980861951905,1.381895703637171
0.45460319618946327,-2.226860296975369,1.9738239061851781,1.5648548594552465
0.5685492907369648,-2.5518544386038053,1.6081413408064074,1.3974181808038844
0.8435881169020629,-2.663233731860867,0.7822178008972468,1.179540367912085
0.9057181195502869,-2.6384748550663213,0.6193258618536163,1.6595620227207244
0.7891651368892061,-2.667834364835041,0.5776421079124191,1.111053313174218
0.8352877851997239,-2.6719883443355372,0.19796552679486876,0.704275507929935
0.8061170234473298,-2.6626061051564878,-0.4334100239569485,1.5159295695502224
0.9088590091924039,-2.6036179031770783,0.22119508917408118,1.2223117328222788
0.6924686286165831,-2.5826505841830416,0.8695355343163265,0.7595993240362748
0.47490556784200866,-2.230258921352383,1.9268172477149437,1.6061276971726828
0.4746537347401846,-2.237260933337782,1.8701936742317924,1.728555716521027
0.6410620418297247,-2.4398303184006407,1.9232633072132377,1.3942721841841554
0.4995269410306728,-2.3575884816665313,1.7430681249785418,1.609879952557685
0.4916902272056855,-2.374373609030472,2.0092037176848936,1.3487694363368838
0.6095550762737583,-2.527442151687989,1.7078240717684785,1.3939463420432299
0.6041447650378029,-2.428937005462019,1.7496709573518543,1.5786646182045372
0.4904288817121024,-2.3396818929220204,1.7392496755781,1.7054807474827778
0.7166098424567354,-2.52613218115453,1.6203004854096976,1.3743328457715007
0.5336242089983836,-2.4347140894219037,1.872993642905825,1.4911694656121763
0.6167030992776434,-2.3813514115382026,1.8294209740704712,1.4927160464058362
0.6717662438870671,-2.2913557213207283,2.1093751812047277,1.6685707526707059
0.7036909236642064,-2.4909904379957606,2.012010547150826,1.473708104402935
0.5979460360824298,-2.431741831272311,1.7415744258344286,1.4759794733085188
0.4597291374474626,-2.2651221701815927,2.013401995659777,1.5070496617436726
0.6687680836630361,-2.3369559759123297,2.1377937668403866,1.5865804085643915
0.58595970458825,-2.3500177966237508,1.9394227543863258,1.6034823601180048
0.5379335297338352,-2.3946804972296425,1.63445369431276,1.5194474223527386
0.4362114976909977,-2.2321062665870315,1.8745855865742633,1.5751554887983628
0.42081249078114324,-2.2857637449505774,1.7427221450887824,1.6144760275303034
0.5382845228977097,-2.4556063236959895,1.6039115626708296,1.5453387384458528
0.6034324318494323,-2.399831745600076,1.855090531001285,1.512631450392302
0.5025801642726809,-2.1653750925360717,1.9709413111372451,1.6640436418752602
0.4277355819480043,-1.9087590151307965,1.8169874153300083,1.8941395448075595
0.36581625934296613,-2.137616737642605,1.8599831405501597,1.544838125978662
0.5443822746662987,-2.1558302005093655,1.9427224293718488,1.7314341892854774
0.6185173422916759,-2.4691960366050054,1.8842184137974811,1.6156442658443038
0.8665065283211764,-2.575644850009537,1.8026336969213865,1.0637368872564945
0.6840509141774328,-2.541433995861113,1.8190809592402162,1.4860519732552961
0.570240579841736,-2.1064923900769945,2.1185590738656828,1.7518281812699152
0.44303042629534645,-2.037307502252599,1.8853615389391656,1.7773704080786974
0.34435830157751923,-1.932362591501627,1.7492739185199395,1.7711100120876537
0.3994089171470803,-1.977678154105373,1.8796478341949814,1.6674263761148922
0.39958299298740296,-1.9789788962198012,1.8031870254350435,1.8269565072312421
0.29633086058543917,-2.1057358975330702,1.6343498272785113,1.726183354763484
0.39535748875403126,-2.120170221889574,1.8660215716636728,1.6334666216089804
0.6146468646603643,-2.4901178675032796,1.5663893020076407,1.366935586836263
0.8164384598622159,-2.5615507793463514,1.332055678966082,1.2047373247827218
0.5189988068431806,-2.526758220907539,1.2877209013903332,1.5812227452311347
0.6056302150604642,-2.2064568450902096,2.0429513522876075,1.876738793104313
0.6900522137347934,-2.509409776713616,1.8356528688746967,1.3008092139309217
0.7080475753997406,-2.3608524476424453,1.8723528508562506,1.7588664879333074
0.4114907610265795,-2.100248309692008,1.893467274569955,1.6774950547323622
0.8479562294629399,-2.5942755142896226,1.611327953018189,1.5219965356944358
0.7460714670473481,-2.6431575001619185,0.9690516589504675,1.4461259586628727
0.7086425144840283,-2.4476393364143663,1.9584982505783548,1.3908778487255762
0.5954304491853786,-2.5495858938009097,1.5465710777065107,1.4677562926307808
0.5891389205110801,-2.352993981855583,1.916879501216622,1.5271035099582564
0.5364976115220413,-2.4093059243419654,1.789385743768558,1.3963256805535387
0.859316155483951,-2.5805516378468942,1.516230848323802,1.3664401031452926
0.5672706424402016,-2.48937359968584,1.8211988856632744,1.3296767287504327
0.657633782596628,-2.508138009393198,1.4350506520619597,1.3836183913172981
0.6094325483556189,-2.5815106572184643,0.9979160627468029,1.3823247400334244
0.5439895932889506,-2.456391030791112,1.4433511901682488,1.4291415887477192
0.555950169534949,-2.2897257726383664,1.8038916660405684,1.824241421834399
0.4652440720017098,-2.112622205037107,1.9733175291249132,1.6810141607554845
0.603998524417263,-2.3677164852779375,1.7713917072275072,1.6160294941179798
0.5211238995220784,-2.1857372602716207,1.837030568029332,1.6510346054281924
0.5807937947505873,-2.344085794317568,1.9627223129424176,1.4480685927751433
0.8558224595721196,-2.5609754897386185,1.8000219137641913,1.4302188882642066
0.6737782217761585,-2.5899542339248125,1.5836311274703674,1.0431742930356058
0.48256985577233474,-2.1985233783137454,1.9467729375199265,1.6160098003078898
0.3846243208254755,-2.0702056086716834,1.8446135435931186,1.6808111321491308
0.6818799422875707,-2.519544926488475,1.677033445131532,1.4330579679318278
0.550051255948414,-2.4059123661416235,1.8621570475956328,1.565197296049182
0.6991096222655842,-2.483955652908274,2.045677429547581,1.2129007578530093
0.710864252837811,-2.4347603568939316,1.9312667830729242,1.6147316853458447
0.5541974600257665,-2.409196429563737,1.7680522472302105,1.5191323750821395
0.7238386089262894,-2.6123007402292986,1.574517537426622,0.763510937078828
0.4985075366795383,-2.2719521247594416,2.011165306642072,1.6731653242572837
0.7755188070481815,-2.5876847485738486,1.8245367018236918,1.2857724522622798
0.614235983721564,-2.3279966488577246,1.80490372398056,1.6275017541348227
0.48229685565711194,-2.23753019288835,1.8369829360325982,1.5842169235319234
0.4625164267773192,-2.105364847768859,1.8959164125277443,1.7393329751164734
0.4863162717412342,-2.207996767581831,1.959877869769784,1.5852841165683458
0.7049378609165974,-2.5938384428330212,2.0957221149760565,0.9034155970430644
0.8293579054696484,-2.521113860995077,2.0568426654832654,1.2375677279993464
0.6403744226873743,-2.5112210803050847,1.6974354509706961,1.4308691734060306
0.7083894053796916,-2.563748336092007,1.314066487389065,1.3696983279949635
0.6607639537978564,-2.6122758791082763,1.0936377615355308,1.2439328926605873
0.7185356787002959,-2.5853426706854474,1.5928044878406138,1.4560782688295317
0.5866686321677008,-2.4665081206359263,1.6467956168660574,1.4658032877292069
0.6003879115622889,-2.5039996774229665,1.443279671865029,1.30152572634149
0.5384945518444488,-2.404077248736036,1.7427050005526037,1.445664484818717
0.6776173484758602,-2.4849486639656435,1.8607103597373862,1.5571723394711403
0.40677185279253003,-2.225986025541652,1.805927352622437,1.7204850601202155
0.5675572569192516,-2.3950913583421403,1.8931226388007827,1.435242392889992
0.42356956955013325,-2.2104824857399703,1.7818905798886724,1.6601655001694982
0.8856551612077476,-2.5717834357505325,1.7994843689870748,1.3162915392811494
0.5929234377173287,-2.3818434299300284,1.917649490230613,1.6853321073548804
0.6898347297741633,-2.4371138227835836,1.9874474104528108,1.4458017898817148
0.6563991635770257,-2.513894857118775,1.8638223451446174,1.4060428454706948
0.40818871367754433,-1.9543420605054913,1.9004279154131376,1.7709357242959227
0.5245262191110737,-2.062709982948753,1.9345765735606801,1.9543183601285596
0.5095458720843427,-2.0079285808081697,1.9179790730244397,1.9050777569172093
